,A,B,C,D
2000-01-01,-1.911241448730066,-0.3524568514050149,0.33557373820768327,-0.5129978433887548
2000-01-02,-2.454048471727029,-0.4479853805137095,-1.0974278133866515,0.18590005588370795
2000-01-03,-1.9749683120103891,-0.40510158310763045,1.3615335938423105,0.9926116552702439
2000-01-04,-2.5540948660340135,-0.16913061037793695,0.34082537641062194,0.6085177938045561
2000-01-05,-2.1295015593116022,-0.74793566810112,0.8565447383140363,2.0209480822736743
2000-01-06,-2.0591981268196227,-2.8128796832320795,1.697176843705121,2.21049455964013
2000-01-07,-2.348953823420646,-2.6350681149250867,0.8706027808136607,3.597143325308583
2000-01-08,-0.26408291476834966,-3.287731436543676,-1.3442947213804732,3.978503707100548
2000-01-09,2.8299539182368116,-2.31542520702116,-2.2395270898313027,3.7682577413876515
2000-01-10,1.595894716481259,-1.9525602705070664,-2.3318091411362265,3.0823099157994127
2000-01-11,2.938689607049458,-2.1576156249924012,-3.1887540963281107,2.912319500584808
2000-01-12,2.7187737342362377,-1.6273575466673358,-3.8369248948195738,3.850321684506215
2000-01-13,3.2165748034996215,-1.3094267048259456,-3.8247187059292607,3.6725981038327467
2000-01-14,4.258354086604378,-3.055798418862632,-5.1995556210880665,5.12536435025646
2000-01-15,5.007272039160977,-4.983409823820231,-4.5695109897958615,4.756314503412057
2000-01-16,4.9216051750002245,-5.390504131691471,-5.806447517278829,7.198984894934519
2000-01-17,6.192147761203157,-7.393838944122744,-6.623523381650683,7.044493660646814
2000-01-18,6.555554706954889,-7.617039854292201,-6.9987249018281235,7.60844840851059
2000-01-19,5.253833972377829,-7.607588354095716,-8.071947940508272,7.946366516163413
2000-01-20,5.264885686821043,-5.545882065432755,-6.877105829586946,8.86652809232477
2000-01-21,6.2115687288224475,-3.7010285097325104,-6.431224891874142,9.530901374823582
2000-01-22,6.714155712450677,-3.823084749147013,-8.054135580450762,8.39680615889289
2000-01-23,8.22455845926842,-4.36561952384518,-7.188756892377647,7.412326944076785
2000-01-24,8.763334047416121,-4.797001725156302,-8.456720947668451,6.928936294307866
2000-01-25,10.12108650752697,-3.7766254165046376,-9.247985457809442,8.910862773236707
2000-01-26,11.039160882077194,-4.3888780281304935,-9.111236084644029,7.42912814671868
2000-01-27,8.777025164607737,-4.246853296626636,-7.812020509626175,6.7720104590242
2000-01-28,7.664654046591352,-5.1535527452829655,-7.660113207451131,8.232595954916128
2000-01-29,8.401539063810372,-3.3247058245807213,-6.242788450576562,5.636837695026587
2000-01-30,7.276757355808699,-4.359979970441642,-7.345350264293515,4.534190702676038
2000-01-31,7.657358381094876,-3.0235302855069093,-6.214037512761349,3.069765367701227
2000-02-01,7.780567681022393,-2.918367517096623,-6.65217373863637,3.2417189124298265
2000-02-02,8.272344095004538,-3.536206830085855,-7.005045682527736,2.858255072047801
2000-02-03,8.326176399143067,-3.344574928947078,-4.804942267739568,3.6317735477623017
2000-02-04,8.320679713320908,-4.4121494555160385,-6.305873464417272,3.992723692178004
2000-02-05,8.935866923094247,-3.625351367626878,-7.035100345875671,3.4239551310232423
2000-02-06,10.28732385069849,-5.279131050689759,-8.229521445836532,1.3749910194435624
2000-02-07,9.713039650255702,-6.948161902894558,-5.068699063448822,0.3917405171854248
2000-02-08,8.129416183952742,-7.675545871091753,-4.926417981007922,-0.46676184542784716
2000-02-09,8.408481516376002,-9.113050201957888,-3.0500652991286836,0.8684672611200818
2000-02-10,8.73685208966519,-9.442229289227512,-4.9767904769511535,2.557723459926918
2000-02-11,9.372213785902133,-9.266556917269556,-3.8034787574587527,1.9645063661287232
2000-02-12,8.507314463908216,-10.298362731455413,-2.4097284513944084,2.762889445914327
2000-02-13,8.92138869185781,-9.413676049102135,-2.3462884948162404,2.6155423862631753
2000-02-14,8.811433239257937,-9.099180306565664,-3.820891393486849,1.826432481553315
2000-02-15,7.508005125173716,-9.379956971221942,-2.9764098822634795,1.672512927967749
2000-02-16,6.311422846945946,-9.581437833283928,-3.998860358537924,0.9039396609078248
2000-02-17,5.51701313226251,-10.015282085700687,-3.8142418034311514,0.4116167663334099
2000-02-18,5.3394372220698605,-9.92300832910767,-3.907742181467679,1.8380899699585935
2000-02-19,4.466362714121711,-9.730347156996618,-4.896235800749995,1.2954216139645236
2000-02-20,5.646404071079696,-10.626658700359977,-4.337343341827946,2.0542952819684173
2000-02-21,5.06301646960913,-10.661663510603347,-3.92109931993016,0.8251749145610694
2000-02-22,4.278096754906332,-11.20260639331083,-5.248137810249794,-0.6040461663188208
2000-02-23,1.687813700954285,-10.813896442278342,-5.065401841538605,0.2369939608690469
2000-02-24,3.384080492451552,-10.510816160912835,-5.578757330521082,0.9647720335206543
2000-02-25,3.5584368024745636,-9.887893567296707,-5.730571643282995,4.175453055948418
2000-02-26,5.318260364501329,-11.054662887275146,-5.241973627245214,3.351988188893488
2000-02-27,5.743774256276113,-12.642429514208379,-6.228849248685801,2.5862672931352844
2000-02-28,5.263695550516484,-11.785918896109692,-5.5300934457440025,1.1456208211788979
2000-02-29,6.828396526345972,-11.716455461296766,-5.215875984415211,1.09203872754157
2000-03-01,6.619726348343919,-11.302587357502906,-6.6873780210348075,0.9288439281974253
2000-03-02,7.238003755055542,-11.494562971224754,-7.003104441621639,-0.2634198766561199
2000-03-03,6.447662042138458,-10.991698044732878,-6.425414826154036,-1.1728680742530142
2000-03-04,6.888145072259715,-10.712870188613973,-6.695091523976175,-2.1211203567795214
2000-03-05,7.893018481623508,-10.381143772969997,-5.393672652084998,-0.8929617463763195
2000-03-06,7.388757214226781,-10.445532505807888,-5.424281713272119,-1.2668351149974026
2000-03-07,7.582255309049325,-11.088295617714541,-6.92205283320189,-0.5638364116142977
2000-03-08,6.100074848877787,-10.485964938824939,-6.422309253630627,-1.2022667281532335
2000-03-09,7.126699978056289,-11.380372666782963,-7.139358053491942,-0.962864783495401
2000-03-10,5.800139705312496,-11.166376033411696,-5.619133427514601,-1.3391853335515684
2000-03-11,5.985224594902752,-12.45863987539152,-6.221439695489563,-2.4874133130517597
2000-03-12,6.682010383396928,-12.068261747926604,-5.560786314553096,-3.084111550738163
2000-03-13,7.480122338242937,-12.309303018320428,-7.94884422786453,-2.4197227757744533
2000-03-14,7.340859948083623,-11.164162424812208,-7.67271497357375,-3.946705122878992
2000-03-15,8.423641577381183,-11.542892379790503,-9.173335965630205,-2.447113310732255
2000-03-16,7.561964215333662,-9.460246828857048,-10.127507967262206,-1.856545799596744
2000-03-17,7.666510469481021,-9.1510039296943,-9.547779223190181,-2.3254778440354453
2000-03-18,8.355540874465946,-8.043358648978401,-9.691264343557462,-2.4447193644293472
2000-03-19,9.205503966974339,-8.796005740424219,-10.49172439528459,-1.7139988707450349
2000-03-20,8.946880572476463,-8.516922017601793,-12.051585011846413,-3.235388102041542
2000-03-21,9.532452022263247,-8.564062890658294,-13.401994915686549,-1.2731043473683752
2000-03-22,8.252743793416961,-7.582515523882934,-12.892195054441427,-1.1392291805385206
2000-03-23,9.847271118527328,-6.586006655999826,-12.5696374025107,-1.2899320364769553
2000-03-24,9.936464467299675,-5.997573416790722,-12.358128299810708,-1.6625097581517885
2000-03-25,8.11089693074476,-4.158858809230611,-12.78666969685956,-3.042365864917195
2000-03-26,8.937376382477689,-1.4589483916043764,-13.080931873648359,-2.0964213040737465
2000-03-27,10.237917320344744,-0.7603321625627195,-11.61003052128246,-1.7857000949078863
2000-03-28,9.077514222246222,0.030328509969147155,-13.379718138789631,-2.6084125555259314
2000-03-29,8.814264242401501,-0.4367754563110347,-11.617725583500333,-2.178858560915422
2000-03-30,9.16634547552234,-0.7544677403088333,-9.313324578491468,-2.584204529981374
2000-03-31,9.891671144286521,-0.39859278956267813,-8.971270121821641,-2.37658721557787
2000-04-01,10.333140664105574,0.7710636379629643,-9.49613358472087,-2.2465058309790944
2000-04-02,7.769811970950247,1.387930353496258,-10.269285996765458,-2.6474317224441504
2000-04-03,7.844340858830374,1.3889683585870878,-10.58374000811877,-1.3337170398558735
2000-04-04,8.140590456333168,0.9524173003030892,-10.439726792268688,0.09085045844334316
2000-04-05,6.952833849335808,-0.024825062245734997,-9.226491948671672,0.630212411219736
2000-04-06,7.678059429829362,0.7689851458189858,-8.637567221093997,0.4081297338780937
2000-04-07,8.562300321466639,0.15934942393599283,-9.909763729562357,0.6442713812566686
2000-04-08,7.948139848970889,0.2972489320929753,-8.889400418517848,0.6711131968636025
2000-04-09,10.248976713133642,0.08162743691910279,-10.23253119473944,2.4118998782144656
2000-04-10,9.657173155244202,-0.04545507852299399,-10.484863095154612,1.6891506747601708
2000-04-11,8.919455388406984,-1.540023897782042,-9.501541885498888,0.9117448918922633
2000-04-12,8.18231653955903,-0.8240956860388217,-10.557538361363331,-1.0069234795936925
2000-04-13,8.948858193778454,0.0660969827231378,-10.170828515844024,-0.3850610302927703
2000-04-14,8.131836804180063,-0.07636414179884635,-9.427760678068108,-1.7838704406169614
2000-04-15,8.141218651923388,-0.22091615803900946,-10.19093632061101,-1.8565266910527543
2000-04-16,8.648028301154342,-0.2200518391733118,-10.43938557061506,-2.430267295607076
2000-04-17,6.8031263561135695,-0.5587227413406772,-11.201213919583457,-3.5006713055687575
2000-04-18,7.3003094542086835,-2.616391690897028,-10.123817751019212,-3.034377839592486
2000-04-19,7.232448793606438,-1.128255189478635,-8.212739237260058,-1.1646177891797573
2000-04-20,7.44321795929089,-0.5950053591550133,-6.706155465126524,-1.379744421340695
2000-04-21,8.404322687019619,-1.8919046627248093,-6.894274475963413,-0.8260948041985117
2000-04-22,8.047702840748464,-1.0272997836174087,-7.677275932892677,-3.1153154164722183
2000-04-23,6.488305215333433,-1.047715007446953,-7.179841465325085,-4.350662020350529
2000-04-24,6.624877134301435,-2.1955584844767566,-6.108282738064739,-3.5989526217913608
2000-04-25,6.138485768654851,-2.80244865845867,-6.1318520765657905,-2.961039574653202
2000-04-26,7.062525783081934,-2.9840693120567843,-6.776904124722484,-2.066977675536798
2000-04-27,7.66269620050453,-2.247603850622997,-6.081594836712053,-3.71682097428371
2000-04-28,7.853784341423036,-3.568656963754184,-5.372647169504306,-3.542475538580786
2000-04-29,7.279581103253381,-3.081127219512984,-4.967269887591933,-4.419468800644826
2000-04-30,9.07106817432485,-3.0931447119915063,-4.502484586425566,-5.63698252383618
2000-05-01,9.666983553974225,-2.4582846443064144,-4.791772344923329,-6.66940521900283
2000-05-02,9.274308440073991,-3.7500177096486778,-3.6321997087281055,-7.9520663586015665
2000-05-03,8.411014226970606,-2.680452299004746,-4.545662127121259,-9.739845599806658
2000-05-04,7.909826382237315,-3.6395531999135193,-2.7267815661625763,-9.541361303641214
2000-05-05,9.676460980272415,-4.124743385902732,-3.0707122726037306,-10.318782238856013
2000-05-06,9.572815095938674,-5.10988053215831,-1.4256662262308226,-10.583180770528893
2000-05-07,8.716728856348366,-4.356862214202692,-0.13779019832296346,-10.578124215783014
2000-05-08,6.555090447129944,-3.9449861929343246,1.3083759391098988,-10.077832024715207
2000-05-09,5.6819270528625,-3.631717173334768,0.7518618013967625,-11.197438716853656
2000-05-10,5.944435732839647,-2.4340091424513277,1.0108773074476338,-12.063445749998417
2000-05-11,5.059078480547673,-3.4022965535832514,2.5359199779900212,-10.33856212809319
2000-05-12,5.827367529301486,-2.9329070659624783,3.9133724344308547,-11.529721492432298
2000-05-13,7.9554423586214185,-2.4212806214390197,4.011042629871791,-10.2413247194582
2000-05-14,8.326524162198353,-2.928685805971185,3.1627541066349676,-12.245279435132245
2000-05-15,9.20374328537497,-3.2998110298581143,1.227972112723302,-11.682758825229268
2000-05-16,9.203981807890452,-4.8380566436824655,1.5471820439648636,-9.988858030902323
2000-05-17,7.271853907965836,-4.179266318360438,0.33999908728445694,-9.646323521494432
2000-05-18,9.49067932804153,-4.103092313927425,-0.7382062147468744,-8.497923305189076
2000-05-19,8.993081891567812,-4.204748972345378,-0.43184039118283357,-7.866395111202699
2000-05-20,8.613847155527797,-4.507653510736008,-1.0596770098617716,-7.362761293368785
2000-05-21,8.674841543684934,-6.806084241891376,-1.6170210099909803,-8.345753883075261
2000-05-22,9.501635216845676,-6.646821883579628,-0.5946278401305973,-8.214032116055742
2000-05-23,8.62521918219964,-7.45214093838595,-1.5903456019711524,-7.89365661363836
2000-05-24,9.688852218455722,-7.950630887659312,-1.3177174378210859,-7.899732131077473
2000-05-25,9.636370489444198,-8.656909311756287,-0.6852485948786743,-9.148241218450002
2000-05-26,10.272528981668797,-7.9682598657698565,0.7612015516075216,-8.850039432428444
2000-05-27,10.088861876319816,-6.877486189198073,2.0176017631232064,-9.295008059545857
2000-05-28,8.255958033931327,-7.2452675514794995,2.7293259619319152,-8.881435658986419
2000-05-29,8.197484837469519,-7.002810264064028,4.039158865283099,-8.7218207688512
2000-05-30,7.788312172382741,-7.061819540955718,5.756864875449416,-10.184717612836991
2000-05-31,8.13826058822386,-7.2799042851928775,6.031898247868312,-11.23173159002397
2000-06-01,7.886934566377702,-9.965041466879342,5.335595609421121,-11.017104804570675
2000-06-02,8.313962745018983,-9.615454871002308,4.30744234343662,-10.091242123115173
2000-06-03,7.407277876425945,-10.64997853213374,4.679959434947271,-11.909966369046943
2000-06-04,6.206621154841944,-11.535242692410407,5.097815533694225,-11.440392596858835
2000-06-05,5.757963353203077,-11.381496211952964,4.812905606253921,-11.483818373602231
2000-06-06,5.922526437556127,-11.36778488613168,6.168560629227567,-11.444452650418985
2000-06-07,5.073337761468783,-10.976871878032615,5.568997822724355,-10.656165551602744
2000-06-08,4.7695178515481365,-9.41143689577484,6.1075842030046585,-7.305956001249008
2000-06-09,4.87837029144763,-9.49036373471097,4.97519208940046,-8.86463188658833
2000-06-10,5.034279044164974,-10.445782805991284,3.724576507708937,-9.329771237988137
2000-06-11,6.059135803040967,-10.502985290841517,4.670443293045073,-9.010467223218834
2000-06-12,5.795741588502167,-12.463246250217118,5.633572167055038,-7.609667028885301
2000-06-13,7.750725955163495,-13.646599103029253,4.147352936703158,-6.010761167073035
2000-06-14,8.589498149115839,-13.580472065746612,2.8336540899999823,-5.425885225536997
2000-06-15,8.009222212531425,-13.718747449890932,3.364155139192454,-5.461871353249905
2000-06-16,7.352878988959857,-15.702349750061412,1.5816797290048088,-5.028108408247747
2000-06-17,8.087974549109292,-15.53691487688168,1.9936746478109508,-7.14161544018436
2000-06-18,7.96450658792057,-15.165251856176017,1.1408175693528175,-6.369257531744345
2000-06-19,7.98785609071887,-14.689105043009043,2.04409526265408,-3.9615833243553906
2000-06-20,9.161456876854212,-14.359469399403089,1.141942328390087,-3.204092994731299
2000-06-21,9.882221493664632,-14.424617747039946,1.1707205920881323,-2.739103497076039
2000-06-22,9.688168475169803,-13.601522869988415,1.7362200254737,-2.5333151795898634
2000-06-23,10.341043942793288,-12.438445110465008,1.002600212403584,-3.546626009161826
2000-06-24,10.177027316771136,-13.123271424996581,0.2965396369004272,-3.9358111718965625
2000-06-25,9.848563010637639,-14.001419534051339,0.6367137482801635,-5.152647925180588
2000-06-26,10.75042390615792,-14.92190400839128,0.40579698004914766,-5.236818559057581
2000-06-27,11.426136498792017,-14.65810654805136,1.577789918018411,-6.873130960631055
2000-06-28,11.990121831813726,-14.255987772779958,0.7801226197536764,-4.5964815781396515
2000-06-29,11.353892476410474,-13.70893395006675,1.7433717596241862,-5.0239109752222415
2000-06-30,10.154997103227029,-12.194064120385057,1.6318941218680554,-4.9458654197283325
2000-07-01,11.095194784015508,-15.08650825492136,0.8392807409318187,-5.3388071181672005
2000-07-02,10.89374243810697,-13.48912264496253,0.5231450361501706,-5.426244201854372
2000-07-03,12.792812543257867,-15.898631041160044,0.8506453937693342,-5.860460174604848
2000-07-04,11.576797918660365,-15.54936754341108,1.6418540211757864,-6.23855670198154
2000-07-05,12.21368107314452,-15.642971023855697,0.5762133504468803,-7.3926421240616484
2000-07-06,11.931185201473372,-14.517234013706597,-0.7548450661251247,-7.088239496715803
2000-07-07,10.241738896103753,-12.700115776919805,-0.8218903933826267,-6.5267870616641535
2000-07-08,10.940974365240606,-11.625750109922873,-1.466409752548176,-5.5645074642945165
2000-07-09,10.41936908862815,-12.169096738022619,0.6767519958031591,-5.0914510158605655
2000-07-10,8.926929255212174,-12.617669207581512,0.07342286818747357,-6.084018655830953
2000-07-11,8.701502214200582,-13.577442895888701,-0.8178299592306998,-4.174785908900624
2000-07-12,8.059457995507293,-11.492695206987056,-0.2702175512954724,-4.9491708658307125
2000-07-13,9.219748696282098,-12.275776519581676,-0.4925470424820674,-4.249745455506951
2000-07-14,9.28107537438328,-13.51152246304329,-1.1707661737805957,-5.1769881323927365
2000-07-15,10.007658842495628,-12.967408783183554,-2.7554288613963553,-4.109283413205604
2000-07-16,8.150017600501405,-14.29459242095915,-2.2438503340270675,-1.7503983332398105
2000-07-17,8.52315121312234,-13.94343411798722,-3.7954046364334153,-2.01726635420782
2000-07-18,7.945239180680518,-12.691637821873062,-5.78475599760482,-4.420221203217997
2000-07-19,9.752702368612558,-12.24734096596804,-6.28610607947395,-6.052978880769316
2000-07-20,7.419773403677437,-11.495093322964008,-6.67470531457322,-6.717932397935158
2000-07-21,9.866614312467613,-10.300239286239242,-7.112650873432405,-6.265791006585895
2000-07-22,11.203540023651836,-13.157969229758478,-6.14576842893132,-6.098707729039238
2000-07-23,12.707322566832195,-12.986617522498232,-5.925620330665212,-5.785289191585878
2000-07-24,11.944021264458616,-13.836147081517776,-6.858447191094317,-5.411883579375454
2000-07-25,11.48874719752896,-14.179127185455657,-6.7577836941155365,-4.715843413699976
2000-07-26,12.903460105228282,-15.71372313848132,-7.9636443555677126,-5.1205081611843
2000-07-27,12.859010446368032,-14.945694609205876,-10.202830131350387,-6.493519503901821
2000-07-28,13.429901565778524,-15.776138052972323,-10.161127371910158,-6.9908242447254585
2000-07-29,13.745746058760053,-15.974217071038938,-10.73916379204441,-6.100716549857423
2000-07-30,13.466206614473428,-15.291852241758834,-9.861179867618628,-5.632556772118998
2000-07-31,14.32735323425257,-14.915389162952264,-10.96987610868321,-6.528578567726207
2000-08-01,14.132325599242396,-15.03405175317938,-9.75153956069872,-6.802762310280802
2000-08-02,13.613748528534487,-14.952852074309597,-10.321239726703567,-4.796600434012451
2000-08-03,13.945918637085239,-14.174699675282552,-10.96510401192876,-4.583007603925017
2000-08-04,13.09163674620964,-13.925055652541538,-11.28769790541839,-5.829947139770623
2000-08-05,11.422284637060018,-13.075374125017174,-12.270808966680182,-6.458211128670383
2000-08-06,11.729310784043612,-13.068758293648978,-13.705252536944531,-7.3498510741429754
2000-08-07,12.188814066505353,-13.096412885206453,-13.89177789683627,-7.625393944622924
2000-08-08,11.387760328183575,-12.837548811239934,-12.9212504153169,-8.04937786489531
2000-08-09,11.0697677781705,-11.81260428740787,-12.698608771534772,-7.858053857896845
2000-08-10,11.521075126777589,-12.828994529737118,-12.077759263916077,-7.538738928065258
2000-08-11,12.981281499483199,-10.319131786405624,-10.98649883154195,-7.623148254121972
2000-08-12,12.821184628357924,-10.111325580311545,-10.623264788730246,-7.469839143914796
2000-08-13,12.028080308741375,-9.384950677285937,-12.66329804606254,-9.85661874192067
2000-08-14,11.949367383511063,-10.103053465300412,-13.221665658373736,-9.192359339550524
2000-08-15,11.345385462154418,-8.683149635630672,-12.16249785539132,-8.539647119512882
2000-08-16,11.300436865891356,-7.657526980609028,-13.662791038994724,-7.093807883723202
2000-08-17,10.665467366137179,-7.260153257163562,-14.485949169719758,-7.006209344691658
2000-08-18,10.49201827984749,-7.53406717888845,-14.059168630183958,-7.1658595290399045
2000-08-19,10.563755347369359,-9.240372424626871,-13.901953362840846,-7.352136523765256
2000-08-20,8.897582281317995,-10.521788369332443,-13.590628250764862,-8.389159196331281
2000-08-21,8.666654377883846,-12.004095389778403,-14.897040095283646,-8.190278427058397
2000-08-22,9.212798335469653,-12.146904096863334,-15.227172127681785,-6.750539473469899
2000-08-23,9.871559840390525,-12.23716345979693,-14.09802074555763,-6.9819453228614305
2000-08-24,9.372869207003522,-13.871220861241726,-13.064876266147701,-6.423489729842332
2000-08-25,8.422955616631493,-14.200195000976024,-12.511608745890864,-6.968356181383363
2000-08-26,6.427372286338135,-14.648814158086447,-13.992590988205658,-8.493282874535536
2000-08-27,7.397911632423694,-15.17368894678839,-13.92759202308108,-7.518747613371993
2000-08-28,6.0649741766264125,-14.206125766553976,-15.236853849834809,-5.890311919062365
2000-08-29,4.750004477617642,-13.560238077515917,-14.919329678788664,-7.63752236257282
2000-08-30,4.522620100977227,-12.544432984390461,-14.748123725916388,-9.205087244245474
2000-08-31,5.587326790238039,-11.320614805552834,-14.713691124367536,-9.183298735059854
2000-09-01,4.94521071185187,-10.747208633407993,-14.45308942091324,-9.549573899839267
2000-09-02,4.605086620339976,-9.10227176197936,-15.43084622529582,-9.413809394475255
2000-09-03,4.075551401221581,-8.175553065532608,-15.85446928301949,-7.6931075473268615
2000-09-04,3.0988450577509834,-8.074519015305192,-15.384657510579212,-7.44804181280424
2000-09-05,2.0744860429624756,-7.602259797557607,-15.19681208728858,-7.5596146505113255
2000-09-06,1.6606394825754178,-6.383625284782708,-16.562102900035807,-6.605833902882611
2000-09-07,2.5444901961601567,-5.867668878287853,-17.299493604843125,-6.199700418927303
2000-09-08,1.9057106901998555,-5.110836273714047,-17.86742169896487,-6.146540427314985
2000-09-09,1.229785390923713,-4.956910471605084,-18.19243642872178,-6.238203742603031
2000-09-10,-0.4592792895079081,-4.854770671459225,-17.208875082328262,-6.719229805977983
2000-09-11,-0.8118808295289075,-5.5368605873040435,-15.744630176354597,-8.21589708053812
2000-09-12,-0.1102454236145648,-6.998293721912182,-15.928622200663739,-7.9641897234021695
2000-09-13,0.2964023888109216,-8.407171835395605,-16.769969375800386,-7.753281532512509
2000-09-14,0.16026768567198657,-8.773959462895473,-16.430126277071658,-6.943127437916104
2000-09-15,-1.2684592075970462,-8.917535115193733,-17.6590472131881,-6.080697493753456
2000-09-16,-2.902896701446151,-8.36423944037278,-19.4676334592599,-6.6194465187888065
2000-09-17,-2.4367493580736603,-9.270232331599153,-19.572553536090744,-7.265067219108115
2000-09-18,-1.8791828715977024,-10.471430140207879,-18.88182628584769,-5.162944358246918
2000-09-19,-1.215259805793253,-10.145476487803867,-17.41895530455393,-3.8345871224384886
2000-09-20,-2.8098518604675364,-11.108499165396443,-17.697003329861065,-3.44665055936303
2000-09-21,-2.1058737634616205,-8.61237756572799,-18.181449580423465,-3.14382819740906
2000-09-22,-1.2606623976651505,-7.949073627231027,-18.407603624928463,-3.9849187208929155
2000-09-23,0.4115915001429298,-7.659611409442773,-19.566062338502544,-3.926133214621906
2000-09-24,0.17725729908100799,-9.26861834834277,-18.30469361210508,-3.48311213319214
2000-09-25,1.0603277788076613,-9.879816403322392,-17.060560837374055,-3.536332423643976
2000-09-26,1.0529281890521656,-8.684681104244511,-17.924859376787808,-3.5803077438942448
2000-09-27,2.489925422348719,-9.49174348636326,-18.20449413568124,-2.956763062227983
2000-09-28,3.684847376091135,-10.474528046437044,-20.331570442824336,-2.7934575767154266
2000-09-29,4.235440868476179,-9.229394929906045,-21.141150679486195,-3.354995267342658
2000-09-30,3.04456437395081,-8.38472012032116,-21.43983285314226,-3.585879334510138
2000-10-01,2.2966256403664005,-8.556177095399711,-22.267521371319287,-4.477953534303179
2000-10-02,2.0260333968607553,-8.854323336360686,-21.802963952352822,-6.207215721239545
2000-10-03,1.0972727210274824,-8.714228184012768,-22.258552139688806,-5.698832223641099
2000-10-04,2.8283917780391654,-8.736108721001674,-21.286374044609733,-6.013085746925742
2000-10-05,3.153401393134928,-6.8101478246367915,-19.169500432348816,-4.918656911810098
2000-10-06,3.2977708844921887,-6.3990435541105555,-20.399043265704393,-6.117562386698329
2000-10-07,3.6716237076803666,-6.281398740772223,-18.042040335249457,-4.755404132159011
2000-10-08,2.1579035501307926,-5.975689304101454,-19.347613065938113,-4.1947920562486445
2000-10-09,1.4568229442028304,-6.2118188514809,-19.72244040139094,-5.000011919794424
2000-10-10,1.2624563734947263,-5.99103516010051,-22.315737356820136,-3.7188087483025116
2000-10-11,1.1826260964079847,-5.31423219563331,-21.350460893006765,-4.4500328983680975
2000-10-12,1.9725520325317305,-5.488394235591828,-22.300699723351403,-5.3164430760837345
2000-10-13,2.3594906547270766,-6.145255503203533,-23.511778939110652,-6.232969870798856
2000-10-14,0.2449143107149756,-4.642774346426096,-22.484248793522877,-5.748055088058382
2000-10-15,0.5720832280423775,-5.821944686406251,-24.11699345306686,-6.408300509229609
2000-10-16,-0.12705615283906457,-3.7757984619363825,-24.021424955707687,-5.5653145108936
2000-10-17,-0.26692093118505866,-2.854496031003189,-22.68744026056015,-5.579967041140113
2000-10-18,0.4067195596358809,-2.6524974788208127,-23.10249056057424,-6.743787137987214
2000-10-19,0.130295047356411,-3.685451154087085,-22.20877168480181,-6.662471234928298
2000-10-20,-1.4470770829705804,-2.8352621996788967,-23.13682369306617,-6.770231332520394
2000-10-21,-0.01709549537380939,-2.64025063356315,-21.787736297830993,-9.320192722984935
2000-10-22,0.9642024823548755,-3.0150963718898836,-23.139436976861273,-9.495417800729449
2000-10-23,1.6195968162964944,-2.195474895935786,-23.200402154176075,-10.136432252042617
2000-10-24,2.267755330039661,-0.44448637849906425,-23.299951976923236,-9.22091929702821
2000-10-25,4.1841421726472765,-0.8945773055310771,-22.36432285080426,-11.159568071424115
2000-10-26,1.3640324407178408,0.17186052854659306,-20.52127201096308,-11.892874271687486
2000-10-27,2.3665201017892104,0.8416314598444069,-19.773728686578703,-11.889116618952903
2000-10-28,3.277817513320289,2.045962428198104,-19.82584571104312,-10.84209423490659
2000-10-29,2.812546830077949,1.9645199762230992,-19.29909430430668,-12.286068433045
2000-10-30,2.741128567620272,2.139617676557902,-18.493404002665596,-13.988874778145245
2000-10-31,2.50195939004589,3.657763313106914,-18.18097260400472,-15.402839983211782
2000-11-01,2.4578766607736546,4.267500128836251,-18.520171315009765,-16.248230726319544
2000-11-02,2.437763555873109,4.461929888623825,-19.219881905503037,-17.964280541899093
2000-11-03,2.063950152750908,5.294147215056073,-20.06525400601785,-17.607063751674232
2000-11-04,2.8024223128910792,6.112586781317684,-19.82997779296042,-19.527491144856015
2000-11-05,2.7312846245684366,4.147987931290682,-19.578441673611128,-20.53815427138477
2000-11-06,4.076763543835351,4.988496930555797,-18.984352041182575,-20.67044970938614
2000-11-07,3.5489158361288653,4.550506587383062,-19.02447344688476,-19.403853460434302
2000-11-08,3.1117711477231382,5.022131769192749,-17.786989768792537,-20.63503920383022
2000-11-09,3.084994276176469,4.981267775793718,-19.36209402090567,-18.763900080711974
2000-11-10,0.9907849210960387,3.910692516307122,-19.231857661775134,-20.441533467071455
2000-11-11,2.0318554297914835,4.790985480219247,-19.895050475566055,-22.216773195061894
2000-11-12,3.0132818723858295,4.362106841351487,-18.80318528247439,-22.34187432420277
2000-11-13,2.4857158092341036,4.1738206367651625,-19.47615902874642,-20.257793922744742
2000-11-14,3.4620785378646404,3.856999082970712,-19.36597281764256,-21.395211340851233
2000-11-15,2.891945072027174,4.3433289449823596,-19.651271046852102,-20.874198865491525
2000-11-16,3.00357796615177,4.379666365382529,-19.52054115196192,-22.115456211118275
2000-11-17,3.3677852894745928,3.1649278752926184,-18.52590424982347,-21.576746872863495
2000-11-18,4.722361156728669,3.339923654924462,-17.955957712539462,-21.607694202563053
2000-11-19,5.189980042013841,4.921407733496324,-18.033009525305353,-21.19829285701598
2000-11-20,4.98722004903562,5.0550879153095885,-17.45486473434663,-22.65028467318957
2000-11-21,6.591536142909117,5.982107695079564,-16.279687358706237,-23.364601984889703
2000-11-22,9.416019088768115,5.754440703167964,-15.613392145926378,-22.802973808132997
2000-11-23,8.727940398904552,3.9842285807968247,-16.46514156114867,-21.644557241140514
2000-11-24,6.823079052860033,3.4531843984854076,-16.012906497020378,-21.805414390396873
2000-11-25,8.313562564351596,4.065693234944867,-14.784463340434558,-22.090806874588857
2000-11-26,8.53259756759832,2.5320756882579296,-14.011963824019238,-22.57417740185828
2000-11-27,7.911178977016545,2.8596473200299704,-15.514104311608422,-21.19828968499935
2000-11-28,6.133837292784926,5.083565973616947,-15.588104773634639,-20.405953477660578
2000-11-29,6.812285224231516,4.391928409577534,-15.63056223975983,-21.70866519890861
2000-11-30,5.789264198343312,4.669947519763167,-16.083960239597335,-22.054328525277484
2000-12-01,5.205012599357144,3.793640549047666,-15.56361983319604,-24.01552698366113
2000-12-02,4.919124548742275,4.493686738540363,-15.749920377894584,-22.68255410004968
2000-12-03,5.560154988899043,5.334250041692385,-16.212377957699598,-22.04891841949321
2000-12-04,6.001380392055514,4.326899411417563,-14.441724059117293,-21.71153438038881
2000-12-05,5.936772422814619,3.792780167943583,-14.986371234401892,-21.657750959183183
2000-12-06,5.756096405139765,4.8036860951121625,-17.8688547719742,-22.719597225840587
2000-12-07,6.098830547476041,3.721971564833166,-17.274631758643224,-22.76904234852196
2000-12-08,4.8000521953097275,4.0363500987327265,-17.425908639585757,-22.325156950321407
2000-12-09,4.47864450960029,3.787057139937126,-16.620437529102375,-23.512776798538404
2000-12-10,4.6491360588517745,5.102808430808278,-16.06519556065816,-22.315865346023966
2000-12-11,4.557292258127161,5.875868931381759,-18.097873912398885,-23.512764723537536
2000-12-12,4.274886444618794,5.906658282990464,-18.909313160901117,-23.600905149340022
2000-12-13,5.233916544129062,5.807488331755208,-18.224615222475375,-21.653737060320374
2000-12-14,6.526618090473081,5.652684770048352,-19.112231691160133,-21.125833746073575
2000-12-15,7.588853800633861,5.867721571219371,-19.05113560501128,-19.76297473192035
2000-12-16,6.73950912514295,5.796842727567746,-19.104508067505098,-20.045968221892753
2000-12-17,7.200150791762492,5.5559009447831675,-17.99521031139279,-18.973072343528933
2000-12-18,6.494633512825685,4.816403449612877,-18.831945980953723,-19.126530762227453
2000-12-19,7.400655358946146,3.9579055469995987,-17.83989517149594,-18.13615848755767
2000-12-20,7.765472979700087,4.174205807938068,-16.388244546246327,-17.753533510104365
2000-12-21,8.832942412051361,3.973865448793497,-14.752233035979499,-19.25903693189651
2000-12-22,8.237535102994638,3.8416020846223726,-15.034403812678885,-18.169216999131375
2000-12-23,6.499702060416363,4.086369115038646,-13.639521842984221,-20.151075165518296
2000-12-24,7.481062001674355,2.1904115888678106,-14.359586413570645,-19.69656366720121
2000-12-25,8.555589179055492,1.9802400848676671,-14.295073474066163,-20.269114472311077
2000-12-26,8.063898316955141,0.3403205999273158,-14.28091042280308,-18.899823239242718
2000-12-27,9.120322484559814,-0.4060915486522445,-14.33511979411798,-17.004464823992862
2000-12-28,6.731175039788663,-0.3266126215339999,-13.605531523726334,-16.01736235595962
2000-12-29,5.720500366698034,0.7640158273205357,-13.814324480453426,-15.086380344378467
2000-12-30,4.685083879861704,0.979188305867901,-15.724652027862625,-16.52026039144038
2000-12-31,5.571484310527766,1.9298479285607346,-16.121551154334313,-18.433140736887463
2001-01-01,4.409340180299667,1.992657417849334,-15.388194573034284,-18.666199689462164
2001-01-02,4.481052504492293,2.3670977034165586,-15.696399181565543,-18.12526624520767
2001-01-03,4.1002903647382505,2.7533558204766075,-15.609441866922518,-18.614752828290577
2001-01-04,3.0782575917659614,3.8251013849870903,-16.40066885951612,-20.551775603653294
2001-01-05,2.5861798440784667,3.360003423144532,-16.060620213504485,-21.669603235814133
2001-01-06,3.4203539902800495,2.1388667469268188,-15.254531703206089,-21.73748877226131
2001-01-07,4.382823128898479,2.3697222775035116,-14.679465564980912,-20.725086647672917
2001-01-08,2.83297646188144,2.4563766520691623,-14.839805946945775,-19.77383238120446
2001-01-09,4.326255749783201,2.7276276356647644,-15.359412345268186,-20.04433413366231
2001-01-10,5.2530708543568965,3.9853050726683996,-15.32480185302077,-19.652884232845096
2001-01-11,4.390300718421574,3.8781850346905795,-15.125434621536868,-19.78959659732781
2001-01-12,4.241409393341199,4.895616425780075,-14.281227162921269,-20.348564975864853
2001-01-13,3.241805797660758,3.612251906605476,-12.77412650767123,-20.704089665999824
2001-01-14,3.7742712221612322,3.167191578995807,-11.72878383765591,-20.258148264630538
2001-01-15,4.378144388779474,2.9499149947452485,-13.18381522474414,-22.19230409254297
2001-01-16,3.9597959365284137,2.5574048616489216,-14.210405554584602,-21.019239818348403
2001-01-17,3.65306344478797,3.6707886106664755,-16.679277800836825,-20.54545165455687
2001-01-18,3.1718437275152973,6.613364082139116,-15.034428620124695,-20.24658853269125
2001-01-19,4.529489114923907,6.221876188469192,-13.986217133611778,-22.020752886158345
2001-01-20,5.8172592271014105,6.288812982010956,-15.190866741986635,-20.57366407328225
2001-01-21,5.812470087965608,7.132371753312225,-16.178451189456233,-20.185253730359094
2001-01-22,4.908647937994492,8.08383748693255,-18.588692632887266,-20.44872643696175
2001-01-23,7.5581320288863765,7.033143957184317,-18.1836954847459,-19.350755874873485
2001-01-24,9.489971492141263,7.343102909894539,-19.573575340588835,-18.608631266614363
2001-01-25,11.685847537476885,7.5036821741700805,-18.833020555567522,-19.745732812994564
2001-01-26,10.627120929877805,6.416409836323406,-21.12137863687764,-18.188641835139208
2001-01-27,10.053888292228388,6.671069248826203,-19.62074459501121,-18.766149087417705
2001-01-28,12.062960971044479,7.009959996697962,-20.889924543038106,-17.308185832578303
2001-01-29,12.859411104452514,7.34086278072366,-21.859334765132413,-16.26432283277486
2001-01-30,12.505323427117425,7.571587706776696,-21.411203122821608,-16.474219968722387
2001-01-31,13.912981518618816,8.16259991134034,-21.19742634411332,-17.930216379341875
2001-02-01,14.550940857456029,7.410659342103515,-21.469855828321563,-18.10775972995988
2001-02-02,14.769306430576213,7.27191024955485,-19.686246998738525,-18.24214406589933
2001-02-03,12.902060857389456,7.460847641085356,-20.768468017789672,-17.695707465947713
2001-02-04,12.827718206599943,6.695555781404012,-20.311127584605686,-17.198098652350634
2001-02-05,11.803666117887422,6.16971159039708,-20.382360896729768,-15.430566852217451
2001-02-06,10.556732286530467,5.382190256468439,-19.671009518648518,-16.811011791606887
2001-02-07,9.631642983024651,5.954218549084511,-17.877138015511502,-18.627109653648628
2001-02-08,6.907163255073586,4.765768729588812,-20.047975441612163,-19.365492485368282
2001-02-09,5.417679454895697,3.834970533715631,-20.257901018777964,-17.044427812889698
2001-02-10,4.929431381374828,3.1469115627667827,-20.59608633867496,-16.549588176414886
2001-02-11,5.7647612058208,1.9270999970249576,-20.07456050471645,-16.584455958356642
2001-02-12,6.295642632616591,0.7216639200753716,-18.734537518336822,-17.67889513737661
2001-02-13,6.156104087238259,0.3752612162900561,-19.45588288863944,-21.411358061975946
2001-02-14,6.983273244352767,-1.2867378413245838,-18.887813655554528,-20.702009938731333
2001-02-15,6.04826727159989,0.05137319625432468,-19.396595715727095,-21.34596254008411
2001-02-16,6.142993976031987,0.6297455437946329,-18.103336686411083,-20.436956166860924
2001-02-17,7.790207339273439,0.32887471643178273,-18.41683303633655,-20.560245725925913
2001-02-18,7.719149754039571,1.128290364614558,-17.73589877297295,-21.782461722270767
2001-02-19,8.271005100005304,0.7765098196490929,-19.638872910775934,-20.767932344805516
2001-02-20,9.140176793069584,-1.3009580308191633,-20.039071916012485,-21.489907074180508
2001-02-21,8.909974926307033,-2.492089156525372,-20.710150859734405,-21.453418512548247
2001-02-22,9.102840669782395,-1.7437165732254047,-21.043701684180785,-21.044442140497637
2001-02-23,6.78079355051198,-0.4693100049288921,-20.655581237838934,-20.286326198722495
2001-02-24,5.7607825081513795,-1.774062803783081,-19.10077691125243,-22.58205905515955
2001-02-25,6.336800364651541,-1.5523620536289942,-18.765821985931765,-22.510481952503557
2001-02-26,5.72964618176405,-1.1409972605849465,-18.54126312113346,-21.511538561394705
2001-02-27,6.447148338279408,0.8901597050822003,-17.16827496285718,-22.137041654665207
2001-02-28,6.0046320899265035,1.6894847980948646,-17.914417651468277,-22.009946556159385
2001-03-01,5.118255018953554,1.031035619707873,-19.151527918672027,-21.795035493168363
2001-03-02,5.459124215866438,-0.5400669047482443,-18.008582574971513,-21.3769204581491
2001-03-03,4.476163628271668,-1.2067406521152662,-20.03110062732353,-21.326877316093217
2001-03-04,4.9272290367146185,-1.4912772528640976,-20.08444999395338,-23.648731816163078
2001-03-05,2.787518162548214,-0.2524526984964719,-20.639641631216037,-23.409843856342608
2001-03-06,2.39490247228333,0.3890384592290067,-21.291682782021986,-21.520543976841378
2001-03-07,0.8851268224348823,0.35802129084339573,-21.089245056841417,-21.30343764681433
2001-03-08,0.5801218232155301,-1.2438243441146377,-20.598176602956478,-21.01774760920835
2001-03-09,-0.49812302496216243,-3.417778081341764,-20.60444020804169,-21.059370031687205
2001-03-10,-1.202917113382433,-3.5069044177995035,-22.082278450444015,-21.641170239767185
2001-03-11,-1.2229646705796575,-3.029611452138348,-22.72416637586521,-22.03743199647674
2001-03-12,-1.2398266003656384,-1.5704325871725802,-23.807055278467196,-23.677308018186935
2001-03-13,-1.5881071037773065,0.052172696820260045,-22.429042540788892,-23.766553409280444
2001-03-14,-1.1378547927569689,0.22118765725495326,-20.91222352846476,-22.675181419745837
2001-03-15,-2.9070243483610736,-0.11435680091300088,-22.53198542845994,-22.18581106329608
2001-03-16,-2.173033324064335,-1.0334837068275453,-23.814972274477363,-20.076285435712357
2001-03-17,-1.7041946329396598,-1.669953952352029,-24.46211136462537,-20.018849399321113
2001-03-18,-1.194780506294666,-1.5829280967385657,-24.137900146054534,-22.288626063497865
2001-03-19,-2.4042923973804466,-0.322091158914134,-23.197789992696517,-21.637539362196076
2001-03-20,-2.8429901598878815,0.6440353781789124,-23.284132926294454,-20.512455951969773
2001-03-21,-2.2728822900592593,0.9007974566305257,-24.637440174106594,-21.05281473652912
2001-03-22,-1.7839048699125377,0.13928776001599463,-24.73532605587705,-19.371751671214916
2001-03-23,-1.3387531581169356,-1.5055215617587319,-25.019346275342457,-20.283490850036344
2001-03-24,-2.395114422075781,-2.7526740838594486,-23.62235280618379,-19.59217771169401
2001-03-25,-3.600401295638969,-3.9867262259905325,-23.037987404652693,-19.416283443613473
2001-03-26,-4.018602490327752,-2.7009133167378323,-22.76797254365736,-19.240881159442846
2001-03-27,-3.240477363725633,-2.287579987506512,-22.942485451028627,-18.718569406932065
2001-03-28,-2.953690015328479,-1.4447381305975118,-23.23184569947077,-19.144425333981758
2001-03-29,-5.402677725523002,-1.8178918458052207,-24.07524608796634,-18.083719039794712
2001-03-30,-4.934685721024904,-2.099146954925836,-24.157462383975524,-19.21366752235089
2001-03-31,-6.236216566831423,-1.8476077697981,-24.859046995009184,-18.442132033129354
2001-04-01,-6.656867351816782,-1.1702163082828183,-24.674231111304636,-18.72050322479362
2001-04-02,-5.963137839605234,-1.095590382914925,-24.388410514662233,-19.64165109336805
2001-04-03,-7.5245817425234165,-0.7470851411412891,-22.690939199607918,-20.40583094867464
2001-04-04,-8.153537932946708,-1.227722341440704,-24.506552597573744,-21.04785343442264
2001-04-05,-9.453263875402806,-1.6779389765896235,-22.819618216036304,-20.47492469208049
2001-04-06,-8.705093915905653,-1.3053494404659673,-20.397893391879958,-20.65409273240156
2001-04-07,-7.522376169307048,0.3343167626407917,-20.032887079067287,-20.357573269519907
2001-04-08,-6.557817868755134,-0.7419266639136064,-19.995063225280997,-20.266965787616215
2001-04-09,-6.940279294975574,-0.30054162727568945,-19.414152298895353,-22.453376660733483
2001-04-10,-7.447494416773748,0.8225214907936323,-16.8405603823701,-23.104183290905528
2001-04-11,-8.071302051729841,1.928625097455503,-16.5854541505714,-23.614922309936492
2001-04-12,-9.407926993650982,2.4546981011749187,-15.322615760085272,-23.72859629306334
2001-04-13,-8.76995565217399,1.4645900043264342,-14.087195532241365,-23.46319364038517
2001-04-14,-10.208126803608513,1.9560363704240833,-15.176326829975816,-23.665228572666294
2001-04-15,-9.632498157668737,3.274705622605609,-14.602252229106083,-24.32567242303864
2001-04-16,-7.413911490560972,2.657391983492899,-14.400112098691608,-25.171455155016147
2001-04-17,-7.362289281286328,1.3296805726788565,-12.197829095914878,-25.615228567128444
2001-04-18,-6.737648770149525,0.29064545502414707,-12.364109825356277,-26.275336151865876
2001-04-19,-6.804852139047843,1.8378698570198888,-14.602034579290358,-27.368273636048645
2001-04-20,-8.469854534775962,0.1900978122195689,-15.32828736861832,-27.404311599416978
2001-04-21,-7.144617074289949,-1.0002453874079291,-16.31453759066933,-28.377103421371512
2001-04-22,-6.825356640457237,-0.5804873336042058,-17.685026162590685,-28.93427613336056
2001-04-23,-6.823470178343745,-2.2085366211193307,-16.852284461415152,-28.929054396018536
2001-04-24,-6.789123974629536,-2.134338795253646,-16.758211205508548,-27.9391225589707
2001-04-25,-6.321407559976171,-2.461167120787522,-16.90201271503493,-28.930429317096824
2001-04-26,-5.751546848612897,-1.9241995266100935,-17.15834862997459,-28.189192378714118
2001-04-27,-6.797816678967315,-1.1619295037548152,-16.955227457665792,-27.9446104281622
2001-04-28,-8.784065674540958,-1.0933536757178763,-14.766593704309209,-27.728805203575575
2001-04-29,-8.791070684236962,-2.6712897952956878,-13.999541232280247,-28.13253322637411
2001-04-30,-9.788247211998053,-2.435944556932986,-13.739304613655984,-28.02823151982334
2001-05-01,-11.117491051946168,-2.8689615746793766,-14.523501149714319,-28.955933845263107
2001-05-02,-11.289347615395263,-2.9779423944711367,-13.29280805957663,-28.29734117849795
2001-05-03,-12.270042208711477,-1.9978356534768564,-13.96265508513171,-30.26267030683287
2001-05-04,-12.582671156006331,-2.177393554998488,-14.09583524418402,-30.79658363998955
2001-05-05,-14.079730464927014,-1.8306522354069745,-13.540967162856223,-30.496844684930284
2001-05-06,-13.81773239327425,-2.597488717682133,-13.229768938973745,-29.81865126440112
2001-05-07,-12.668701966621384,-3.160112794249563,-13.717688360540974,-30.499923813135105
2001-05-08,-11.53330771848362,-2.7744214157367977,-12.999444408849849,-30.23147463573675
2001-05-09,-10.281640244493214,-4.107010207979247,-12.909207286297038,-29.185761760690227
2001-05-10,-8.944594525191231,-2.2363848047758235,-11.892402374864274,-29.224093541397576
2001-05-11,-8.523415560980213,-1.6014874465757947,-10.4215695169625,-29.131904027225644
2001-05-12,-8.488539530157178,-3.288642407874633,-8.404215430856251,-29.22566102363184
2001-05-13,-7.149625600207356,-2.7768653018412413,-8.111194435055088,-28.499697269143113
2001-05-14,-5.933225025170702,-1.872634112871709,-7.825760717992734,-29.159281163781145
2001-05-15,-6.4499235805452,-1.574375561159781,-7.710271987818076,-29.25442092783143
2001-05-16,-5.17667634026711,-2.1929380998320536,-7.572157964515174,-27.937043172497884
2001-05-17,-5.856429008203638,-1.8735701661016084,-6.676553286885344,-28.48239356321815
2001-05-18,-5.848978310314662,-1.465689072056144,-8.881285810596648,-28.042074610571117
2001-05-19,-6.1685368552722295,-1.7369576433445122,-8.668125973464019,-28.292403855557602
2001-05-20,-6.614799489020489,-1.6629075855143816,-9.448545050675964,-28.638471324645923
2001-05-21,-7.260165783256692,1.6886891891009785,-10.353482959940084,-29.045129499458294
2001-05-22,-7.63153393799371,1.8889415798181253,-11.74930648448321,-30.004961442167417
2001-05-23,-7.9611717540629705,3.6640537358926526,-12.201867233690907,-29.36490183019591
2001-05-24,-9.80968025278942,3.2478351723762064,-11.809865227230269,-29.16297290522955
2001-05-25,-10.46620888450372,5.125266973815812,-12.116707458610554,-30.33381346675754
2001-05-26,-11.226739783327861,5.132594973444036,-13.994254837787057,-32.216260205747105
2001-05-27,-10.754037042668461,3.972345685229647,-12.76743627713946,-32.92345272314565
2001-05-28,-11.404520665133163,2.5517947569283854,-12.520206594696226,-34.14035745331999
2001-05-29,-11.621014551158348,2.449319819026646,-12.189465025789584,-34.29206476339299
2001-05-30,-13.560883556212673,2.441093973402741,-11.129435681376338,-35.46575390381909
2001-05-31,-13.920086764324523,2.7521197566024926,-13.129559740431878,-36.42815463590371
2001-06-01,-15.308505584958404,2.4216235018479,-13.488524638897276,-36.98633960351392
2001-06-02,-14.012479218500136,2.7483056757470496,-14.792685496110916,-36.47597680832266
2001-06-03,-12.159190504374816,3.4534814977404205,-15.583662665589006,-35.89424100612418
2001-06-04,-11.817943583903496,4.208736292310912,-16.59214167520921,-35.55437291706944
2001-06-05,-12.172424890056938,4.841463109568793,-16.477765928692452,-37.46720148787211
2001-06-06,-12.662290610891676,6.294183315573208,-16.694432734280337,-38.375347144576
2001-06-07,-12.058899542326312,5.985975136429734,-18.04295539135805,-38.7924535260348
2001-06-08,-12.455734273644566,6.04258081211525,-18.883366837623996,-40.122621376950775
2001-06-09,-11.545326182904804,7.350791671220218,-19.567435784856293,-40.9188815496298
2001-06-10,-10.4935797435137,6.503646928454214,-20.4399196300719,-41.3219660979169
2001-06-11,-10.684431207987307,6.490935793066035,-20.111341992326718,-42.003559012454716
2001-06-12,-12.797365227393335,5.55885625052532,-21.308214794995898,-40.91164369361454
2001-06-13,-15.081661989928309,5.660011919347875,-20.424369483070212,-38.567497632023986
2001-06-14,-15.055628443718549,4.5585332666373,-20.32157282493479,-36.92168980976827
2001-06-15,-15.523458941797799,5.163584942800256,-19.975934012174694,-36.807843977763625
2001-06-16,-17.534884558804595,4.286567987793013,-19.92459858733807,-39.022649238436394
2001-06-17,-18.62654213167112,4.039168642879204,-21.09474662605731,-38.5672235221773
2001-06-18,-18.565000483321363,5.037237866080142,-22.17588048211916,-40.09672132444632
2001-06-19,-18.926375781879322,5.1140510892758035,-23.413809160889187,-41.794755973217455
2001-06-20,-19.203141647041267,6.2274675949989415,-21.43783201890175,-41.27656987140392
2001-06-21,-18.07965996874536,5.881725705650552,-22.337439519175746,-40.20615559200168
2001-06-22,-17.544421971598467,6.3123735211387855,-23.899119109733423,-40.54807342798791
2001-06-23,-17.924792299444082,5.740619235760334,-25.244596721248225,-40.114472154621886
2001-06-24,-16.439004934027434,5.8698904602142585,-25.054566860672924,-38.78276823481618
2001-06-25,-16.71582458546122,5.473847535719092,-25.97360082105909,-39.481126698659715
2001-06-26,-16.338933837195725,4.157040444819992,-26.342345150066798,-38.653663635443166
2001-06-27,-16.592055957029718,5.42710014654649,-26.036714185237408,-39.66220737687685
2001-06-28,-16.852655664434245,5.048733177012005,-26.178049199295334,-41.10941782334803
2001-06-29,-15.098802932023881,5.3328278228788895,-28.1043063022619,-41.06416764173605
2001-06-30,-14.194683062588746,5.003953609868682,-27.674078357618217,-40.87212964301601
2001-07-01,-13.432938445432837,4.783650032306591,-27.916593713555763,-39.890157298800325
2001-07-02,-13.270917911167139,3.4944546662762126,-27.46787822868548,-38.6433212470739
2001-07-03,-14.275292563014009,2.0849998204326208,-27.19625600406013,-36.391342613619656
2001-07-04,-14.023593928882427,0.43597659891112506,-26.89306989254442,-35.63944372260098
2001-07-05,-15.998901945747447,-0.7190404013643172,-27.329255955324424,-35.924055045111935
2001-07-06,-16.603998520609693,-1.076121112701673,-26.725197633822244,-36.291255486959436
2001-07-07,-17.521976194029325,-1.3967587608128895,-27.25824469453323,-37.07690213637435
2001-07-08,-17.719336386543045,-1.7531923863276857,-28.88971719096175,-34.801660052435835
2001-07-09,-18.377823948346688,-2.0970184263163842,-29.508979258099806,-35.88660473616112
2001-07-10,-17.77542914466939,-1.0146477823187796,-29.958595622919585,-36.47549056903728
2001-07-11,-15.334849408541494,-0.8575393895591854,-31.088959216079715,-37.2881872517521
2001-07-12,-14.56924621806909,-0.4920549482946949,-31.555333962915476,-36.34767532088911
2001-07-13,-16.563126863143268,-0.6746824344251481,-31.45275033066429,-36.843683548351294
2001-07-14,-15.203523999826976,-1.8128899402418999,-29.973225530645195,-36.80718757626668
2001-07-15,-14.439962009411092,-1.3371511774559637,-29.550671626389427,-37.95439475913985
2001-07-16,-16.154134939040283,0.7041710667162762,-28.973890845626418,-37.416619997756335
2001-07-17,-14.577051509894329,1.3292430954874468,-29.842751236136095,-36.770641740077366
2001-07-18,-15.156765879575705,0.2488049683385003,-29.02480185605846,-35.688862395966176
2001-07-19,-13.85098973647183,2.613838310895509,-27.338719408170814,-35.27421713926957
2001-07-20,-14.4629962824264,2.1751924143735484,-26.058747952220312,-34.5667926266787
2001-07-21,-15.134753233304712,2.550027534426413,-25.359253072513546,-35.07636169155784
2001-07-22,-14.624243666393689,3.1193148845109646,-27.68684615806846,-34.923694799503934
2001-07-23,-15.574796839726332,3.9668215399225604,-28.502531843360323,-35.92080125758386
2001-07-24,-15.713635748566256,6.064705315365044,-26.193629705653848,-35.66709710503156
2001-07-25,-15.832215486971783,5.86568975314683,-26.19651732855476,-37.01596787979295
2001-07-26,-17.433105652327118,5.561983455551721,-26.81036537367141,-38.48746692103091
2001-07-27,-17.352674207834443,4.0352286798907375,-26.229196662365204,-37.230250836291695
2001-07-28,-17.6332518830662,2.3207758100435436,-26.52701579502826,-39.40822893288934
2001-07-29,-17.362196288094097,2.1293489050552163,-26.250694440811966,-40.347319197108355
2001-07-30,-16.4772318162163,3.405813199420825,-24.76620799684628,-39.04239510884035
2001-07-31,-15.939205283563046,6.250299117733537,-25.151022532955924,-39.28409836540393
2001-08-01,-16.216832337323247,7.343295695128939,-26.073524634014888,-38.97956036132577
2001-08-02,-15.422216777104795,7.034682472407867,-25.404603282295305,-37.08623835175539
2001-08-03,-14.109373710508418,8.298135060114234,-25.38857251355295,-37.08491991554879
2001-08-04,-13.17712568466506,6.927376990494377,-26.220812707570353,-36.611993744088124
2001-08-05,-14.104056831671022,6.6473122952639425,-26.195047863913196,-35.70366390018163
2001-08-06,-13.53043542777492,6.236571544149705,-27.1020817545296,-34.26191967982749
2001-08-07,-14.10299520836804,5.584001374060251,-26.813334752638994,-33.96895896550738
2001-08-08,-15.28168758601226,7.065236415125062,-26.9304153478005,-34.97776714735365
2001-08-09,-14.516198015020441,7.15862592704338,-27.453540936820414,-34.22326989964409
2001-08-10,-13.386390481706263,6.982317905307707,-26.59616672555464,-34.261650651888495
2001-08-11,-11.13474273210808,8.164087939825292,-26.040814005407093,-34.436704857140256
2001-08-12,-10.43624217424675,7.496364625426886,-27.19855583533966,-35.929390469491196
2001-08-13,-10.374036132384331,8.484370258661244,-29.043062993336388,-33.85571351521582
2001-08-14,-10.947309284905867,10.084981425428,-28.815641741117435,-33.980407673405864
2001-08-15,-12.89317227812042,8.620871952838629,-28.794946954143153,-33.366591439367134
2001-08-16,-12.764283073177408,9.503812766011498,-28.932839555226412,-33.17996163149934
2001-08-17,-12.522130858357098,10.62292560710074,-28.284502862443258,-31.243022832392548
2001-08-18,-11.572704048977041,10.337646917573942,-26.512775826950154,-30.85668516764998
2001-08-19,-9.646036193090858,9.75102346646203,-25.72749428411337,-29.41263004469666
2001-08-20,-9.311830590036914,12.587547701555984,-27.565334033178388,-29.02101796263011
2001-08-21,-10.008500447797601,12.649738083224735,-30.15352998378654,-29.065056404255124
2001-08-22,-10.068308195560993,13.792361024120783,-31.78360655996521,-27.673474445741608
2001-08-23,-9.4846333851595,13.598229270795699,-30.765447699826634,-28.395920364568802
2001-08-24,-9.361700160985125,12.317062950202503,-31.31966752017163,-26.857281388938482
2001-08-25,-8.510141065119063,12.600232736781315,-29.872810639665097,-27.125369207641008
2001-08-26,-8.216895739388024,13.062963830862042,-30.502570351330633,-27.47474047565706
2001-08-27,-8.717964948785866,11.358073957453746,-30.791625462142658,-25.99084661476424
2001-08-28,-6.7318518251207475,11.113152385499964,-30.798460141905775,-25.745332578991206
2001-08-29,-4.117136745322381,11.015807681472408,-31.485588101580735,-24.513819089673788
2001-08-30,-4.58225099188325,11.994803779753418,-31.63054596238662,-25.492213632673778
2001-08-31,-4.250331936569903,12.63826918620426,-31.72290342427986,-25.417631706269677
2001-09-01,-3.461724525707458,12.665766058865419,-32.30296576452301,-25.583271182332393
2001-09-02,-3.903003729285679,12.488873802836752,-32.62832519058817,-26.126558336919498
2001-09-03,-3.9507418040967712,13.574752782629604,-30.6627259720482,-25.807552762962736
2001-09-04,-4.407884159021605,12.939961067207578,-31.15957500566636,-26.335908701005962
2001-09-05,-4.627768462547735,14.079994404616595,-29.699736941040957,-24.779435005998387
2001-09-06,-4.4580584979969595,12.382458608173181,-30.0728286106717,-23.799122562946405
2001-09-07,-3.8566714716040496,13.160887870266269,-30.19770313881937,-23.727181921298435
2001-09-08,-3.979318041697998,13.51636939207908,-30.084043269681924,-24.27559692768788
2001-09-09,-2.3698316864098685,15.375931845846026,-29.055414269298232,-22.610087500669188
2001-09-10,-1.1785682753921136,14.192164794661686,-30.769260995161012,-21.227446543132206
2001-09-11,-0.3019023185724282,13.70960774372948,-31.70153134113721,-23.23256159883552
2001-09-12,-0.32486233234760026,11.742881508370047,-31.621800190872886,-22.66171651102125
2001-09-13,-0.4522858924046499,10.691903638915647,-33.071393162496925,-24.21346457383318
2001-09-14,-0.10103131818509381,11.628445613780253,-33.377525661777085,-21.99670859956944
2001-09-15,-1.667152639257949,12.422472672853184,-33.277196731330015,-22.285471981807163
2001-09-16,-0.7996199410089216,12.955496194721292,-33.41560589328432,-23.247310550725995
2001-09-17,-0.6371528249587742,12.601785169672809,-34.1673005617902,-22.10013065710976
2001-09-18,-2.170943208599895,12.23018112660731,-34.57859486853528,-21.37472150503105
2001-09-19,-2.903705510013165,14.20896308757866,-34.95858615430338,-21.901659013050704
2001-09-20,-3.41693979817423,13.917209813862447,-34.35920900042768,-22.021668837703128
2001-09-21,-4.71334828193044,14.026179501601108,-33.56663179264763,-22.27289175404386
2001-09-22,-3.043564090444181,14.32094225278076,-32.50574678111056,-21.63697042102702
2001-09-23,-2.0264192719924203,14.487633492535561,-33.2426431921464,-21.411982744967553
2001-09-24,-1.3993428723964567,13.897551397184221,-33.732913969730824,-20.211152965437787
2001-09-25,-1.5472301626297655,12.306435450578475,-33.99498248692108,-20.88059108238673
2001-09-26,-2.8991896817612686,11.671358972538345,-33.81957512006254,-20.662774018184912
2001-09-27,-3.58571511862845,11.001154559381156,-33.87526275366987,-19.429260646113715
2001-09-28,-2.527590159366655,11.68005241865465,-31.811558334905012,-20.20836361903946
2001-09-29,-1.1271111666539333,11.77672356001744,-33.77123145162488,-18.84454046438315
2001-09-30,0.991708245673381,10.73845623607719,-35.24907049413184,-18.757900406921152
2001-10-01,0.9425735337365582,10.467437759153304,-35.28364368699276,-18.60016888361803
2001-10-02,-0.8473822518181757,10.246776864564806,-33.3609093546934,-17.479019635089443
2001-10-03,-0.8285831817695395,9.670985870191553,-33.13942903366745,-16.487529083517213
2001-10-04,-1.8183109653877327,9.248265531116612,-32.31974863787758,-16.755952875436684
2001-10-05,-3.0362772607753032,9.879969779574525,-33.59616827536439,-16.351019752611723
2001-10-06,-2.1383038558075036,9.612263717462978,-32.71136566376945,-14.29807063180678
2001-10-07,-1.9872644559895154,8.936611692180612,-31.79923499567505,-13.91490602956901
2001-10-08,-2.9758150928201896,8.038238582979385,-30.307944923416294,-13.366949153904974
2001-10-09,-3.7633611205195336,7.310797085319362,-29.3980664241922,-15.077351225745751
2001-10-10,-2.448175863179044,7.256536000040593,-29.6912823678009,-15.733995775437085
2001-10-11,-1.59007167709881,6.53525462918094,-27.82574744712363,-14.818742128627354
2001-10-12,-1.6339347693147444,3.8863269600111576,-28.11983946175078,-14.847408018989373
2001-10-13,-1.7831260503033362,5.351724805570703,-28.12976636194271,-16.177447701937055
2001-10-14,-1.6465958669372198,6.093964326238464,-29.730577595513285,-14.81332790795117
2001-10-15,-2.023201052743291,6.565939744866193,-28.18931522910119,-14.77691798540353
2001-10-16,-2.590929770550379,6.686133204135422,-28.08849529773136,-12.926466077077064
2001-10-17,-1.9752141906611416,5.5404146523704645,-27.40856740988466,-13.852992770523047
2001-10-18,-1.4623359045683881,4.445596703184785,-27.556543288490715,-13.623444353890713
2001-10-19,-2.504623163592246,4.359085045689449,-26.4935440212507,-12.862619378228752
2001-10-20,0.3434809601686477,4.630349042607175,-27.08932487779911,-13.064480127724577
2001-10-21,-1.3235031214178028,3.7730743939302265,-28.244010722229838,-15.168870847910583
2001-10-22,-0.6186182053837057,4.704296325011571,-26.0712117935897,-15.371733082433737
2001-10-23,-0.17458807548419975,3.2691004404815525,-26.866516189142477,-16.224950787488634
2001-10-24,-1.902111911459636,2.365964664736385,-28.735459040160325,-17.240558735864738
2001-10-25,-2.144557191130856,2.707677953142028,-28.470160987821664,-16.760343331102586
2001-10-26,-3.6681429134928205,0.30238846246522577,-28.71028808588847,-17.729455742684053
2001-10-27,-3.587029306098497,-0.08613785461240953,-28.981356565210667,-16.514051210041252
2001-10-28,-5.510813298227356,-0.6514547740730584,-26.797357708825324,-17.37955605081501
2001-10-29,-5.6948288394184265,0.31712638346075406,-24.90047397195132,-16.91128722790966
2001-10-30,-5.023640940885632,-1.5112164419704028,-26.201062808727364,-15.834097427179424
2001-10-31,-4.941080324087299,-3.919437383782415,-28.524127561005074,-15.754886375429177
2001-11-01,-5.056271537342084,-4.156821316281635,-27.593845571882557,-15.669474665879733
2001-11-02,-4.861611851845162,-3.0309456895569244,-28.101050684198267,-17.378847257971984
2001-11-03,-5.514158312147115,-2.3729599988455092,-26.964743753432547,-16.605237191859707
2001-11-04,-4.895619365977597,-4.089780921041626,-26.24095149296954,-19.014491333813737
2001-11-05,-3.419773906806629,-3.2775653841133336,-27.18812404975707,-19.488131366924158
2001-11-06,-2.3107318676080597,-1.1787686635493229,-27.444257742264348,-20.521636422660084
2001-11-07,-3.088273891958724,-2.176868390325206,-26.42336057836659,-19.859311250768176
2001-11-08,-1.8781951056900075,-2.420407042440337,-27.556669590693012,-18.20676854740431
2001-11-09,-1.9008874308246868,-1.9901533295562355,-26.25671064142869,-19.292408919945743
2001-11-10,-2.6912038357129626,-1.6457226731620476,-26.62949288451369,-22.057838931212704
2001-11-11,-1.167598421483579,-1.7379104282010585,-27.303722729525923,-21.13922284811311
2001-11-12,-2.1870431404315784,-2.232670113656392,-28.330229114238804,-20.736245408631813
2001-11-13,-2.219331562693158,-2.6064314171140683,-28.447163233543904,-20.696252497414104
2001-11-14,0.1376915323756056,-2.6731519794771685,-27.61880797431614,-20.557052218310282
2001-11-15,0.08609990861353795,-1.4403678622943816,-28.027730383658803,-18.800641270898993
2001-11-16,-2.123330110543182,-2.171728031037758,-27.32830247965627,-20.30022330764741
2001-11-17,-2.1346474136648603,-4.223275966190078,-28.12368835948016,-19.730164286679187
2001-11-18,-3.9646119781317757,-2.8487253205245358,-27.08792209233873,-17.846197136030103
2001-11-19,-1.557500634487071,-2.3135041974652424,-26.74427318204909,-18.091242662517853
2001-11-20,-3.9473274939050254,-3.5224485864836126,-25.885275333545806,-17.884779932232785
2001-11-21,-3.7179748540675632,-3.4948871747819683,-25.382009567355016,-17.9763832183069
2001-11-22,-2.9630245390955867,-3.208174413069364,-26.223751813950013,-18.72406943406989
2001-11-23,-2.3327933228576625,-1.973119973812706,-26.928224227909027,-19.969794858162906
2001-11-24,-2.5440271393007383,-1.7416678718222114,-26.627805269767236,-19.59200303926954
2001-11-25,-2.898401808797661,-2.3936229574197965,-28.87449818053318,-18.652667451435438
2001-11-26,-2.088924709916353,-2.629040218102268,-30.948378550787496,-18.59664733343629
2001-11-27,-1.6615724923421327,-0.7026874430354235,-30.85209566368058,-18.153264142866337
2001-11-28,-1.6082584402404436,-0.8662734710792999,-33.16733815624904,-18.25847915348079
2001-11-29,-0.4615027752879928,-1.7234844453515936,-34.491796626143014,-17.35373298496533
2001-11-30,1.3095979777451,-0.9362660525000448,-34.35262595810277,-17.44092370025639
2001-12-01,1.5815068473447578,-0.5371084343736967,-34.69820793551971,-18.13501821564751
2001-12-02,1.454351954267665,-0.02045688993864314,-35.055737507459746,-18.022973693398267
2001-12-03,1.0089044893770198,-1.7588155371388878,-35.15648864025955,-19.04794160607522
2001-12-04,1.56623787248231,-1.3278362685987257,-36.66367417483223,-19.737711670871633
2001-12-05,1.0795014243744683,-0.8741948126047281,-36.464185846818,-19.805573523923076
2001-12-06,1.889961101776751,-0.16392962962627,-36.367161242359714,-18.753709712280468
2001-12-07,0.6274568678675732,-0.0015955597327723947,-36.92919394735285,-18.026990392770045
2001-12-08,1.4267698533891573,-0.6887996605770608,-34.85030668001714,-18.19701845601217
2001-12-09,2.4150263270015775,-0.7110685965304607,-34.7946225757709,-19.58072954552816
2001-12-10,3.0013431307201905,-2.3006959815927184,-34.16098379577915,-19.38927921573717
2001-12-11,1.9557529269156195,-1.296889636799795,-32.64216084832519,-19.685050482646382
2001-12-12,0.6928073287891325,-2.3165574135341394,-31.423073611822595,-20.57044854180745
2001-12-13,0.9617841903722246,-1.2332887206065217,-30.441945997532528,-19.00091609365382
2001-12-14,1.9235919931546113,-2.559080242547952,-29.525077637375986,-19.154876306086614
2001-12-15,1.2845561433652533,-3.897556671151313,-28.58716048156601,-18.22911866145121
2001-12-16,1.7971258750070662,-4.894855835650315,-29.010814630963697,-18.47819960909915
2001-12-17,-0.6627225948197886,-4.372617485112818,-29.080594183814338,-19.912077300387395
2001-12-18,-0.21940629728065425,-4.770287147754577,-29.496730368894582,-18.56143141074978
2001-12-19,-0.6704732236163778,-5.676580849269548,-30.12368644527523,-21.381807472115955
2001-12-20,-0.5831489322284412,-5.61570034379762,-31.71285619335606,-20.674570984883886
2001-12-21,1.1083323032158647,-5.8248506602869075,-32.91114578754732,-21.511042340523076
2001-12-22,-0.05831689762792047,-8.37423419572734,-32.905080314523616,-21.50265384084174
2001-12-23,0.70625752480884,-9.032574237839048,-33.32534685911173,-22.97872453783869
2001-12-24,1.018679679642839,-9.089559452823929,-33.29547602630147,-22.364793779005833
2001-12-25,1.2986558050108679,-8.410927717736703,-31.863533556149367,-21.005090725872282
2001-12-26,1.7717341472503032,-8.910393892314174,-32.3000465680594,-20.606065223770486
2001-12-27,1.561227159654963,-8.659248077609396,-32.24328785231887,-19.291874525719116
2001-12-28,1.0141610743455938,-9.998984399919093,-33.51782515135485,-19.311861450991746
2001-12-29,1.8319278782223098,-11.445934350391136,-32.87298992601846,-21.10149403024499
2001-12-30,0.5308053602802905,-9.734978853108037,-33.20101053379985,-20.79782275671105
2001-12-31,-0.7631669564113313,-10.489960833399241,-33.439899707048674,-21.276591254815607
2002-01-01,-0.6485150199802936,-9.739112045294805,-34.30534795402717,-23.11004591423512
2002-01-02,0.046775042405250655,-9.32186554321422,-33.99979603441833,-22.325175324262656
2002-01-03,0.4389290112953227,-10.538838589013697,-35.00808154582366,-25.14044680922441
2002-01-04,0.6446322843132986,-10.212092725672727,-34.0162549525458,-25.742841410094435
2002-01-05,-1.1760557793041522,-11.458198949154893,-34.208360786222684,-27.55578932896882
2002-01-06,-0.5147585453068906,-10.280609635738719,-32.558489562136174,-26.254091215963495
2002-01-07,0.3554467193495765,-11.001895136007269,-32.806159018533066,-26.119853606685783
2002-01-08,-0.4878378188229957,-11.010894270593948,-34.260987107868964,-27.73154482766918
2002-01-09,1.810332960256299,-12.219068351518661,-35.358190975745075,-26.996064366773165
2002-01-10,2.389380475871511,-13.570866867923321,-34.12810729985507,-25.094385384675494
2002-01-11,2.1513115111223553,-13.280711655647865,-33.05483407396691,-25.939294244590712
2002-01-12,1.5587117776597599,-14.907655046754154,-34.00089398345972,-26.621044355637693
2002-01-13,1.415852819197282,-15.938982549468362,-36.08982667781366,-28.25408494251782
2002-01-14,1.2266819037839907,-15.343766618238213,-36.033021033598985,-29.19925872633668
2002-01-15,1.7285359620944019,-15.74075696492057,-36.60585952269275,-28.152010935834046
2002-01-16,2.7874542679329473,-16.18820049032343,-36.85850449155043,-28.52645202008631
2002-01-17,3.786050347955436,-15.609736017556532,-35.975454244255964,-29.073085376951145
2002-01-18,2.137192761365233,-16.75931678959007,-36.005977475593824,-28.856487474198687
2002-01-19,3.6451105787978673,-16.045578199551926,-35.90653054328658,-28.603926665065966
2002-01-20,5.613413067086053,-15.19014608694812,-34.556654777698114,-28.161772372679273
2002-01-21,5.7333959431808825,-14.965821897208048,-35.19113510767425,-28.384895976369194
2002-01-22,5.427971899527671,-15.129145101540336,-33.54884563880803,-28.20591065475868
2002-01-23,5.306665461865287,-14.140076637884462,-32.69186743750123,-28.503134678126347
2002-01-24,6.312194030635942,-12.512783357538776,-32.30393094651482,-27.32767602341314
2002-01-25,4.865851756551861,-11.385052020700659,-32.53804788918058,-26.005819255479878
2002-01-26,6.148091378969241,-11.511844827211114,-31.96728435089442,-26.541283756636826
2002-01-27,6.716462651690361,-12.862097026866605,-32.80120513643018,-26.897859998539072
2002-01-28,5.954201342260085,-12.605636932065865,-33.24309424086384,-25.961583024842458
2002-01-29,4.778227072809374,-11.652196663766713,-32.52120445280854,-26.604824101572483
2002-01-30,6.490788911595465,-11.954066364483474,-31.93516263123658,-27.66784279113347
2002-01-31,6.745606965607641,-11.314202815830301,-32.87810196270299,-26.70787476419669
2002-02-01,6.56950404913213,-10.9797281019501,-31.587950754839387,-25.744482727392324
2002-02-02,8.288394064106651,-10.664967562812759,-32.015338859908276,-24.8689882042178
2002-02-03,10.007416987606575,-9.450516512322949,-32.22271110378365,-23.779564068372622
2002-02-04,10.98751128210867,-8.879210025677155,-33.219412776990566,-25.766558510098008
2002-02-05,11.113935246262395,-9.788615445530386,-33.229719440214815,-24.474182943309756
2002-02-06,11.627517119784178,-10.454760594491818,-32.22782969991582,-24.465975450539936
2002-02-07,11.254869832825607,-10.110289987530805,-31.748046002092675,-24.07426701755877
2002-02-08,10.860865101460021,-10.897055692315977,-32.68874733265949,-23.504490587658182
2002-02-09,10.078705372090447,-10.077767712024423,-32.85518960425996,-24.42102281928122
2002-02-10,10.223719174822747,-11.938183671195713,-32.45412040632258,-25.55127071950617
2002-02-11,8.644821548973542,-12.370284063973259,-32.65320293243539,-25.369155919016336
2002-02-12,8.154830905186408,-11.586466836431795,-33.70557572230886,-26.990498525492185
2002-02-13,8.828379509196242,-11.374758220904114,-35.10136353928672,-27.079653040396742
2002-02-14,9.615363372951261,-11.217987471112252,-35.620226083365964,-27.442252912246893
2002-02-15,10.078911038709471,-12.18689274055819,-36.91323773676014,-27.733184933184635
2002-02-16,10.985299650115067,-11.993092372062137,-36.53179728288486,-26.800830550729575
2002-02-17,9.564597593366237,-10.934222072351394,-35.77959919337192,-28.467571891343955
2002-02-18,8.330596947499393,-10.601099284606464,-37.59797873418372,-29.69329417274211
2002-02-19,8.594386790662554,-9.667629907901237,-37.03134784727885,-29.375946501514942
2002-02-20,7.520805410976141,-8.086328751804796,-37.46056630648531,-29.128908074584977
2002-02-21,5.487692630337623,-9.075306830606795,-38.241906681503814,-28.562437267958742
2002-02-22,4.8387055175103235,-8.562364893610377,-38.68638580619836,-29.942158544512537
2002-02-23,4.390858001484666,-6.655808884739394,-37.73762281889688,-30.282097237122155
2002-02-24,3.4687864232593064,-5.8736534501873,-37.00219738489139,-30.685283800540258
2002-02-25,6.104344927358982,-5.0443676349326365,-37.74825546479373,-30.855426888687497
2002-02-26,6.22358333202799,-6.2815980814778705,-36.83528673634503,-29.236385539877293
2002-02-27,5.6699956395759665,-6.6042468834406165,-35.9142498247598,-29.892936048837967
2002-02-28,7.532362135882604,-5.803453181326999,-35.68604742147237,-29.91997301083516
2002-03-01,7.054239373216521,-3.978624364868359,-35.16368423552677,-30.0784916159599
2002-03-02,6.468499160839964,-2.876995540862908,-35.31283269506418,-30.271467846962203
2002-03-03,6.333061607384693,-3.9645508444279693,-35.29725682599637,-30.051628663360187
2002-03-04,5.3618896906464295,-5.556761097568743,-35.438397562383905,-29.750529696492872
2002-03-05,6.738340693541096,-4.852666439592658,-33.981549210635954,-31.17206777766637
2002-03-06,5.500777841848228,-6.625441645651959,-33.53076836530803,-30.84497868423899
2002-03-07,6.5860995408059075,-7.067445144672444,-34.560454751654234,-31.21287242048673
2002-03-08,6.987483838422013,-7.622569851364728,-32.49119632465767,-31.094957051737058
2002-03-09,6.267093050671129,-9.128544289006914,-31.918383924327593,-31.31824265094612
2002-03-10,6.7093429136926375,-9.992184760200782,-31.718864457820796,-29.14277584506177
2002-03-11,5.375655337867038,-10.44322399406457,-31.610734522916097,-28.536406879891334
2002-03-12,4.528249452651538,-10.15243395779275,-34.35150985626232,-28.698916835810447
2002-03-13,4.070187505020007,-7.139787512264581,-33.357138101448726,-28.844937522948022
2002-03-14,4.185587647463296,-6.239375630892632,-34.78118313284278,-29.305048980014885
2002-03-15,4.5498758960062755,-6.35658338781951,-34.3807551969231,-27.764109137607893
2002-03-16,4.05249148249886,-7.859442234593358,-32.747698125378605,-28.396025370947985
2002-03-17,4.6775085765804745,-9.28090317756719,-33.21987038469554,-26.982113884213025
2002-03-18,4.638866109096816,-9.148030449926233,-33.52693512485934,-27.024278550061354
2002-03-19,5.296819862511644,-9.12054009074324,-32.95679208170742,-26.127200455648186
2002-03-20,5.15511189504944,-7.991572292053925,-33.240051590536225,-25.954845497086026
2002-03-21,4.753141115113172,-8.729735507182475,-32.916233869722895,-24.77130759650187
2002-03-22,3.5940941776983806,-7.907196447644706,-33.27176174912654,-25.978853979042025
2002-03-23,4.181232409221116,-7.620249360376587,-33.158590813808,-25.188241828069874
2002-03-24,4.790593013495748,-6.9647473660521,-33.25560126266113,-26.5252864787034
2002-03-25,4.366153759824441,-5.514602043987441,-32.416703337232136,-27.250561612700317
2002-03-26,3.3944137736400064,-4.46910244944881,-32.27237735606303,-27.424489410046878
2002-03-27,2.199751146886059,-3.3503678570378854,-33.784570184450914,-27.85831224374582
2002-03-28,0.14307242301118395,-3.2100499251523735,-34.2456922040668,-27.080537686024154
2002-03-29,-1.1814490917759792,-4.063895392610015,-33.88396327040058,-26.861916873579883
2002-03-30,-2.096599229262601,-4.2879588831641575,-33.83952480538629,-26.875952215101766
2002-03-31,-2.5950156222902425,-4.930103209255214,-34.725956477061416,-26.140615622371435
2002-04-01,-3.7279812750250043,-4.652678228910922,-34.56510575551383,-25.544396553457013
2002-04-02,-4.808777825821067,-3.9255628617256964,-34.43203618702181,-25.424294913574283
2002-04-03,-6.181711770792428,-4.076327921956263,-36.41222446548963,-26.024939329459084
2002-04-04,-4.037757807703153,-3.3518537238175843,-36.29124338597034,-28.228252891191275
2002-04-05,-4.185142133531332,-3.5272432875383064,-36.89747811305333,-28.720123650592996
2002-04-06,-4.737799611682197,-4.032004192049209,-35.63444315499108,-27.7524037444309
2002-04-07,-3.1159047391019232,-3.4838791316720297,-36.46143805232691,-27.05730565453797
2002-04-08,-3.3195880999351655,-5.256482193312322,-37.85057554188981,-25.98985092932519
2002-04-09,-4.359807827427069,-5.437137596126618,-38.633549364686765,-24.689780211631305
2002-04-10,-4.964377837077725,-3.921905182538026,-39.194780729648116,-25.453464313087096
2002-04-11,-8.171212838801637,-4.680135927144608,-38.82403656096718,-25.91215324705994
2002-04-12,-8.706197223030625,-4.019412971600795,-36.80963104215499,-25.27400594844752
2002-04-13,-7.175411307232526,-3.6785165997851443,-35.723957104570374,-27.051523485247994
2002-04-14,-7.986863430459216,-3.809282264382904,-37.13315710882246,-26.41397539524707
2002-04-15,-8.458599962906755,-3.38556794346745,-37.036029199329015,-26.850474490478312
2002-04-16,-8.440549499972573,-4.051720291195141,-37.476699853585124,-26.17815116221612
2002-04-17,-8.004744847546066,-3.911942432260132,-38.23092113266642,-26.4387508607172
2002-04-18,-8.521056468336294,-3.4719495821589472,-39.495382406147854,-26.47297025154914
2002-04-19,-8.990364373419371,-6.682268417688807,-38.47908353119687,-26.186108231726926
2002-04-20,-9.889026616172032,-6.696227809298385,-37.81241549306574,-24.080380651840542
2002-04-21,-9.876161938374066,-6.663947451804923,-37.91732106327875,-25.466425717834344
2002-04-22,-8.938005233912044,-6.21238836774396,-39.73014698092198,-26.358542895414047
2002-04-23,-7.59414166078577,-5.88139235467122,-40.03993362350794,-27.80822511891686
2002-04-24,-8.630437799194738,-7.359883734301283,-41.32268123839383,-27.181696892127697
2002-04-25,-10.13131291817564,-7.059552412458502,-41.37288653153921,-26.719010125248573
2002-04-26,-10.88036414000525,-7.685108380965563,-41.28183264177039,-26.620720679284585
2002-04-27,-11.193542043987673,-8.352562870588997,-41.49790211026952,-24.77496157432673
2002-04-28,-11.538130268073033,-9.177321992185675,-41.88327978626022,-25.747693091928404
2002-04-29,-11.235336455176034,-8.424755133627269,-41.301968564982836,-26.10142042564614
2002-04-30,-8.541160563668292,-8.254366010248178,-40.897629351634976,-26.794908022668512
2002-05-01,-10.017888175516438,-9.366994168129109,-42.29577454863259,-24.67948851504063
2002-05-02,-12.054321052270605,-8.801704960165553,-42.663790579386486,-25.046015796560745
2002-05-03,-14.06990382634893,-8.62189837613857,-43.25037674565455,-27.10904955425453
2002-05-04,-13.627192901424904,-9.512020178239263,-43.914729565509376,-27.199957531518457
2002-05-05,-14.40681075022106,-8.448603986181293,-44.09927546527454,-26.643627304848707
2002-05-06,-14.593572986581346,-9.676642851923615,-45.48131313568489,-25.816730091397694
2002-05-07,-14.833083206233084,-9.161500208465752,-44.24306461023651,-24.900233573736056
2002-05-08,-14.149851231223156,-9.455025679525209,-43.75084248698756,-25.43708458527973
2002-05-09,-13.206833890098855,-9.030977166542426,-44.815133942813496,-25.0382466422614
2002-05-10,-13.445279400175567,-8.710705129859951,-43.51447022049268,-23.330295246344438
2002-05-11,-14.63354190286396,-8.009460510934284,-43.46306398278063,-23.926643287171956
2002-05-12,-15.611114506060579,-9.177596454918788,-43.02124482455251,-24.89589586401069
2002-05-13,-14.798679633986001,-8.32289744526233,-41.422044672580135,-24.850182668820498
2002-05-14,-15.617215263398963,-7.399824928179756,-41.49706812195258,-24.093162926051743
2002-05-15,-16.174723443950324,-6.856067815500656,-41.36276477651497,-25.08211140004
2002-05-16,-16.37824596826371,-6.615219045903442,-41.77116521351963,-25.447961657804306
2002-05-17,-15.390291898823978,-6.865155369541305,-41.94968918362919,-25.767012175048002
2002-05-18,-15.916711540028375,-7.942476079409775,-43.59155488271614,-24.750634324328594
2002-05-19,-14.672784579253717,-7.087538483279805,-43.26696943505436,-24.278326202616462
2002-05-20,-13.789089758507393,-6.5927073621285,-44.359759244465266,-26.2603007908781
2002-05-21,-13.808501972044143,-6.890237500255622,-45.30329341286204,-24.871140304977565
2002-05-22,-14.955658657725973,-7.826540770244198,-45.66079111288767,-25.486953069152474
2002-05-23,-15.44784615880873,-7.975518934616701,-46.75470947993054,-25.437922634617017
2002-05-24,-15.634199956125414,-7.989010742781515,-47.64490854987958,-26.143314387872643
2002-05-25,-16.238671906214304,-7.925812948208269,-46.70656726671752,-26.0657512827972
2002-05-26,-16.014050719105345,-8.153372538597782,-47.07629811700537,-27.33365926327819
2002-05-27,-16.401988666529185,-8.014373038895613,-47.9840263942685,-28.04831403574818
2002-05-28,-20.211156857998425,-6.831217973510297,-49.985785416837274,-29.694103586093977
2002-05-29,-19.633016912538903,-7.582710877205783,-48.25574837472253,-28.410011972172583
2002-05-30,-18.520276765719412,-6.906774030998538,-48.06221615352783,-28.91477107116505
2002-05-31,-18.27450805394088,-7.208654126533355,-47.50562820609476,-29.06217518092776
2002-06-01,-18.138062712333436,-7.81935091918381,-49.34186318262046,-27.68622373589073
2002-06-02,-16.238456473928622,-6.577142691122049,-49.28755517205329,-27.35635336309405
2002-06-03,-14.627713319264762,-7.469746146694389,-48.01853792061073,-26.719056603581734
2002-06-04,-13.731546634153034,-8.235750653950962,-49.327100761621665,-27.03915620485992
2002-06-05,-12.204894021798237,-8.478555230676783,-50.986126452548135,-26.734758977453787
2002-06-06,-10.282544626123235,-10.080678131191599,-50.81860331772796,-26.080893260754525
2002-06-07,-10.77249337063866,-9.80730496516116,-52.51842560077263,-26.151922179945476
2002-06-08,-11.139438011637251,-11.156006239548443,-51.18292600101083,-25.977054465857858
2002-06-09,-10.497487161146385,-11.10910476691222,-51.078153951298795,-26.074265534607388
2002-06-10,-9.358310841922401,-12.270580642913327,-51.969254603189654,-24.12495448489376
2002-06-11,-8.291771301642,-11.520060726528236,-52.806292943213215,-22.634915693516863
2002-06-12,-7.6880681890456675,-10.610871609367937,-51.862896846964084,-23.497207549377205
2002-06-13,-8.289535626358608,-10.681327682258425,-50.98710064904102,-21.54105131780397
2002-06-14,-9.670808532981367,-10.200918714075872,-51.2626143021186,-21.48324826387488
2002-06-15,-8.86047266046442,-10.5056589335924,-50.45932439820773,-20.79183068743232
2002-06-16,-9.268710421277504,-11.03264794739208,-50.54582680575613,-21.26881156077281
2002-06-17,-9.659143262105827,-9.236907959531518,-50.175738395174605,-20.321920957980257
2002-06-18,-8.948905837330315,-8.246682959494441,-48.95924427392079,-19.311484161057958
2002-06-19,-10.019349293635656,-9.60165048001596,-50.1131579302554,-19.37463115747421
2002-06-20,-9.7912104634641,-8.526416273298471,-48.72046396608451,-17.72002176846408
2002-06-21,-10.821556879092679,-8.756164579577836,-49.60987950827768,-18.31201314097298
2002-06-22,-11.151437029020359,-8.7949023712038,-51.07861404140773,-19.141267686715658
2002-06-23,-11.141309472697806,-8.588230391917149,-52.240295907729035,-18.675045382286953
2002-06-24,-9.947475790292684,-9.637760962681202,-52.88562671858323,-18.168010770202752
2002-06-25,-10.656707286032564,-10.612486074528888,-51.00990723980198,-16.84955783413735
2002-06-26,-12.741070992918603,-11.481256365764864,-48.76659264026141,-17.63785644827952
2002-06-27,-13.92500908384012,-9.697431202878882,-50.23743481926273,-16.22182613619031
2002-06-28,-13.354147019049325,-10.885143474987604,-49.95930723108151,-16.723587008156077
2002-06-29,-14.139146419390679,-10.747887698772985,-48.60496261165433,-15.970874575551315
2002-06-30,-13.859947989208347,-9.478288497509547,-49.22275780884175,-15.41872819787799
2002-07-01,-12.979290363936114,-9.28572584105551,-48.59162490796955,-13.960615864781614
2002-07-02,-12.57090536556384,-10.720501203596823,-48.89360314295025,-13.354462211410059
2002-07-03,-13.082453075598607,-11.666735774853246,-49.911378437495124,-13.555711861434533
2002-07-04,-13.688857358924789,-10.803990889846435,-49.36608795721009,-12.29533703661128
2002-07-05,-15.230180724171705,-9.401848109963142,-50.57076638626442,-12.692154199714919
2002-07-06,-13.583630034833678,-9.197686935480204,-49.82499307334608,-11.453988770074385
2002-07-07,-11.49984345292698,-9.729761872695294,-49.714402823602754,-10.783844464325332
2002-07-08,-12.343991285598316,-9.714703348582054,-49.84082620495773,-10.406265685199132
2002-07-09,-13.601143096396855,-7.899621740048741,-47.686838718811856,-10.789392699234668
2002-07-10,-12.021049825929353,-7.4382535024841925,-45.52068208734678,-10.23577497978936
2002-07-11,-12.39700172385377,-7.246579185510844,-47.00574684838309,-11.411281699778085
2002-07-12,-14.50961946967435,-6.783048886864992,-47.79924233364593,-10.692658462985584
2002-07-13,-15.812955709525363,-7.212562007116457,-47.9321872837831,-10.328277288488215
2002-07-14,-15.002360556309938,-5.808300746607508,-48.76209883543208,-11.021342466659618
2002-07-15,-14.506449772372479,-6.269063574412892,-48.50072760128271,-10.383763016607231
2002-07-16,-15.093863084396567,-6.187489508999836,-47.998127368972064,-10.060183636752669
2002-07-17,-15.166826967486715,-6.220847132497152,-48.80214196228196,-11.88520908535911
2002-07-18,-14.868557615358055,-4.912118864874076,-46.462081858245476,-12.162354204371873
2002-07-19,-15.59205644913642,-4.062762953829271,-46.05331486655791,-11.910024936783955
2002-07-20,-16.128577202879804,-3.845211185125274,-43.722087709400185,-11.160422884913794
2002-07-21,-17.837814238155037,-2.4102387653081507,-44.0644317864595,-10.556523598351932
2002-07-22,-17.556560039259626,-2.0973960372633527,-44.83364129883993,-11.056668253047302
2002-07-23,-19.132208934006023,-0.5508539172072808,-45.11336645904701,-11.546414286903236
2002-07-24,-19.64325612142617,-0.6583720499392967,-45.96764101459349,-11.986082041129437
2002-07-25,-19.626596273813377,-1.1417774939354703,-44.63225488722043,-12.800747574017706
2002-07-26,-18.989015045031003,0.19626439770767923,-44.36737633934369,-13.808719850450633
2002-07-27,-19.047258436862336,1.0973364021759036,-44.55419998598647,-14.020089750363631
2002-07-28,-19.08261002742785,0.9373261755477774,-44.57843384822325,-13.459034800129837
2002-07-29,-18.578119185628406,1.355927567871015,-44.849926777809124,-12.691180161001283
2002-07-30,-20.238973410797538,1.7309074263848914,-44.38031682797401,-12.0561113817351
2002-07-31,-19.867655748462596,4.055497035684908,-43.61465934735878,-13.496830968979054
2002-08-01,-19.80904035225188,4.436505691166889,-43.97470408854448,-14.054585228722152
2002-08-02,-22.477890786185586,4.050018246772984,-43.47629711665677,-12.40551119038636
2002-08-03,-23.90711776680003,5.898491805263092,-41.95338256544208,-11.761747438619064
2002-08-04,-23.60090661471615,4.724277507078111,-42.61552677711783,-12.395035852489077
2002-08-05,-24.81590007641195,6.331558368532084,-43.5736995133905,-12.710839586030195
2002-08-06,-25.24282636040655,4.972630847576683,-45.20357748141131,-12.029484451400881
2002-08-07,-24.608452373505628,6.403809354966097,-46.56784174940183,-9.027199015822466
2002-08-08,-24.72487962166768,4.955698456294159,-47.155683868717055,-10.254683954463168
2002-08-09,-25.9491365530842,4.570377483187081,-47.3910825066087,-11.289705101526867
2002-08-10,-27.494567479496027,4.5070266543830515,-47.09223262308727,-11.916367170023893
2002-08-11,-27.429682867953,5.889787278685569,-46.73104276450843,-12.739795213803598
2002-08-12,-27.658922152160507,4.6772957415066525,-46.86976276728358,-12.537441287769997
2002-08-13,-26.55752544551764,3.938369709512235,-48.02676875012554,-11.54002819567425
2002-08-14,-27.183188219528276,4.515260116465727,-46.47986225259635,-10.783239560401368
2002-08-15,-27.076124953914263,5.471997849154981,-47.04950133428874,-10.885214096766873
2002-08-16,-27.633392531062242,6.286666491083221,-46.472715351716786,-11.442676250014294
2002-08-17,-26.089810246402724,6.576844371784099,-47.59514911242708,-12.03397059621556
2002-08-18,-25.526551014944758,6.063151020134296,-49.51588412250715,-11.076704225769566
2002-08-19,-25.418374466871306,4.274580137987628,-49.134356122851855,-11.125709960197234
2002-08-20,-26.303607732147736,3.9112738469921866,-50.04963026828685,-9.325686404896832
2002-08-21,-25.653871004708456,4.578621069180815,-50.14324805027962,-7.905601086714751
2002-08-22,-25.322913490862298,3.8453244270555715,-48.084524813848404,-8.620173709110388
2002-08-23,-25.494974777417255,3.7917758165503375,-48.94194395100844,-6.463005278471836
2002-08-24,-26.24518144623597,3.6127113006865423,-48.627531675677645,-5.820973363012643
2002-08-25,-27.34740287525188,2.7206347888352846,-49.963419139550034,-4.242255230034537
2002-08-26,-27.6035025750981,0.7638901098690432,-50.88609441135448,-4.005609976266907
2002-08-27,-26.76896889549096,3.0666645817563354,-52.077272775863584,-5.789348683388017
2002-08-28,-25.991187730632177,3.4761370886034717,-50.56356390594683,-6.109691532578476
2002-08-29,-26.701288880946684,2.6973176727759953,-48.96293928471936,-7.482961090594152
2002-08-30,-25.99940054652869,2.010525140836989,-48.605689033345264,-6.418153119685852
2002-08-31,-26.64673772430417,2.8307424346966243,-49.2626718208582,-5.051379324396916
2002-09-01,-26.740942063834353,4.099978783262442,-49.455821362443736,-7.924262876162117
2002-09-02,-26.822610727006392,3.1136589369504195,-49.66700219278249,-8.412645407690366
2002-09-03,-25.876241887614217,3.489706507746784,-50.67230413491921,-9.004768998751198
2002-09-04,-25.46049559031363,3.790005407248709,-50.98823522153713,-8.43169650396138
2002-09-05,-25.464988660033935,2.569545336579421,-51.29137443387782,-9.401973048103129
2002-09-06,-24.72635434277679,2.2423345622919104,-51.895347869586026,-12.075464992373028
2002-09-07,-24.68191304792826,0.5798727293347041,-52.919265064009956,-12.51315070424949
2002-09-08,-24.84350817500783,-0.6071283138309722,-54.14547432779953,-12.515919947446069
2002-09-09,-25.49860890002377,-0.2830577746056548,-54.12928208046959,-11.51045157452802
2002-09-10,-26.333976231440833,0.04488874627871131,-53.645049656398946,-11.957410248610351
2002-09-11,-25.3857613391682,0.2336626712124917,-53.77729769305863,-14.598249805766734
2002-09-12,-26.544519304722737,1.4663797169513062,-54.38416909757222,-14.14689533731171
2002-09-13,-27.17000040266716,-0.48659504399233033,-54.09963776225349,-14.066337654473056
2002-09-14,-26.75833996530061,-0.6375940331043632,-54.23469518235145,-14.898398887062017
2002-09-15,-25.62448664849901,-1.7177264730432011,-52.4132314667548,-13.929908589955101
2002-09-16,-26.322882917622298,-1.533914303535433,-53.274961092260504,-12.640688545436745
2002-09-17,-25.425438339514745,-0.10117029727039895,-53.13426899686768,-12.054976412539187
2002-09-18,-24.756903253494094,0.09870392260573083,-53.58103638101233,-12.987407268127376
2002-09-19,-24.209055356734694,-0.8818519286552761,-53.057903866810534,-12.980122976649403
2002-09-20,-26.319407045028342,-0.40023631230763623,-54.54376745854371,-12.795564577121453
2002-09-21,-26.096134094491767,-1.437379267365503,-55.66516176871508,-11.710959302628588
2002-09-22,-27.60184382190252,-2.6228780640242757,-58.6136297078511,-14.927725225748116
2002-09-23,-28.877764156312526,-1.6218377600981249,-57.08355935794663,-14.29968394324842
2002-09-24,-28.330573310084343,-2.206207815385828,-57.27845493883091,-14.978417110842482
2002-09-25,-30.128141249908296,-0.4361712608105246,-55.63411739746848,-14.542242195160231
2002-09-26,-28.131007783629666,-1.5245052592288846,-55.13950408288491,-16.207968675935
